movieId,title
tt0000001,carmencita
tt0000002,carmencita-0002
tt0000003,carmencita-0003
tt0000004,carmencita-0004
tt0000005,carmencita-0005
tt0000006,carmencita-0006
tt0000007,carmencita-0007
tt0000008,carmencita-0008
tt0000009,carmencita-0009
tt0000010,carmencita-0010
tt0000011,carmencita-0011
tt0000012,carmencita-0012
tt0000013,carmencita-0013
tt0000014,carmencita-0014
tt0000015,carmencita-0015
tt0000016,carmencita-0016
tt0000017,carmencita-0017
tt0000018,carmencita-0018
tt0000019,carmencita-0019
tt0000020,carmencita-0020
tt0000021,carmencita-0021
tt0000022,carmencita-0022
tt0000023,carmencita-0023
tt0000024,carmencita-0024
tt0000025,carmencita-0025
tt0000026,carmencita-0026
tt0000027,carmencita-0027
tt0000028,carmencita-0028
tt0000029,carmencita-0029
tt0000030,carmencita-0030
tt0000031,carmencita-0031
tt0000032,carmencita-0032
tt0000033,carmencita-0033
tt0000034,carmencita-0034
tt0000035,carmencita-0035
tt0000036,carmencita-0036
tt0000037,carmencita-0037
tt0000038,carmencita-0038
tt0000039,carmencita-0039
tt0000040,carmencita-0040
tt0000041,carmencita-0041
tt0000042,carmencita-0042
tt0000043,carmencita-0043
tt0000044,carmencita-0044
tt0000045,carmencita-0045
tt0000046,carmencita-0046
tt0000047,carmencita-0047
tt0000048,carmencita-0048
tt0000049,carmencita-0049
tt0000050,carmencita-0050
tt0000051,carmencita-0051
tt0000052,carmencita-0052
tt0000053,carmencita-0053
tt0000054,carmencita-0054
tt0000055,carmencita-0055
tt0000056,carmencita-0056
tt0000057,carmencita-0057
tt0000058,carmencita-0058
tt0000059,carmencita-0059
tt0000060,carmencita-0060
tt0000061,carmencita-0061
tt0000062,carmencita-0062
tt0000063,carmencita-0063
tt0000064,carmencita-0064
tt0000065,carmencita-0065
tt0000066,carmencita-0066
tt0000067,carmencita-0067
tt0000068,carmencita-0068
tt0000069,carmencita-0069
tt0000070,carmencita-0070
tt0000071,carmencita-0071
tt0000072,carmencita-0072
tt0000073,carmencita-0073
tt0000074,carmencita-0074
tt0000075,carmencita-0075
tt0000076,carmencita-0076
tt0000077,carmencita-0077
tt0000078,carmencita-0078
tt0000079,carmencita-0079
tt0000080,carmencita-0080
tt0000081,carmencita-0081
tt0000082,carmencita-0082
tt0000083,carmencita-0083
tt0000084,carmencita-0084
tt0000085,carmencita-0085
tt0000086,carmencita-0086
tt0000087,carmencita-0087
tt0000088,carmencita-0088
tt0000089,carmencita-0089
tt0000090,carmencita-0090
tt0000091,carmencita-0091
tt0000092,carmencita-0092
tt0000093,carmencita-0093
tt0000094,carmencita-0094
tt0000095,carmencita-0095
tt0000096,carmencita-0096
tt0000097,carmencita-0097
tt0000098,carmencita-0098
tt0000099,carmencita-0099
tt0000100,carmencita-0100
tt0000101,carmencita-0101
tt0000102,carmencita-0102
tt0000103,carmencita-0103
tt0000104,carmencita-0104
tt0000105,carmencita-0105
tt0000106,carmencita-0106
tt0000107,carmencita-0107
tt0000108,carmencita-0108
tt0000109,carmencita-0109
tt0000110,carmencita-0110
tt0000111,carmencita-0111
tt0000112,carmencita-0112
tt0000113,carmencita-0113
tt0000114,carmencita-0114
tt0000115,carmencita-0115
tt0000116,carmencita-0116
tt0000117,carmencita-0117
tt0000118,carmencita-0118
tt0000119,carmencita-0119
tt0000120,carmencita-0120
tt0000121,carmencita-0121
tt0000122,carmencita-0122
tt0000123,carmencita-0123
tt0000124,carmencita-0124
tt0000125,carmencita-0125
tt0000126,carmencita-0126
tt0000127,carmencita-0127
tt0000128,carmencita-0128
tt0000129,carmencita-0129
tt0000130,carmencita-0130
tt0000131,carmencita-0131
tt0000132,carmencita-0132
tt0000133,carmencita-0133
tt0000134,carmencita-0134
tt0000135,carmencita-0135
tt0000136,carmencita-0136
tt0000137,carmencita-0137
tt0000138,carmencita-0138
tt0000139,carmencita-0139
tt0000140,carmencita-0140
tt0000141,carmencita-0141
tt0000142,carmencita-0142
tt0000143,carmencita-0143
tt0000144,carmencita-0144
tt0000145,carmencita-0145
tt0000146,carmencita-0146
tt0000147,carmencita-0147
tt0000148,carmencita-0148
tt0000149,carmencita-0149
tt0000150,carmencita-0150
tt0000151,carmencita-0151
tt0000152,carmencita-0152
tt0000153,carmencita-0153
tt0000154,carmencita-0154
tt0000155,carmencita-0155
tt0000156,carmencita-0156
tt0000157,carmencita-0157
tt0000158,carmencita-0158
tt0000159,carmencita-0159
tt0000160,carmencita-0160
tt0000161,carmencita-0161
tt0000162,carmencita-0162
tt0000163,carmencita-0163
tt0000164,carmencita-0164
tt0000165,carmencita-0165
tt0000166,carmencita-0166
tt0000167,carmencita-0167
tt0000168,carmencita-0168
tt0000169,carmencita-0169
tt0000170,carmencita-0170
tt0000171,carmencita-0171
tt0000172,carmencita-0172
tt0000173,carmencita-0173
tt0000174,carmencita-0174
tt0000175,carmencita-0175
tt0000176,carmencita-0176
tt0000177,carmencita-0177
tt0000178,carmencita-0178
tt0000179,carmencita-0179
tt0000180,carmencita-0180
tt0000181,carmencita-0181
tt0000182,carmencita-0182
tt0000183,carmencita-0183
tt0000184,carmencita-0184
tt0000185,carmencita-0185
tt0000186,carmencita-0186
tt0000187,carmencita-0187
tt0000188,carmencita-0188
tt0000189,carmencita-0189
tt0000190,carmencita-0190
tt0000191,carmencita-0191
tt0000192,carmencita-0192
tt0000193,carmencita-0193
tt0000194,carmencita-0194
tt0000195,carmencita-0195
tt0000196,carmencita-0196
tt0000197,carmencita-0197
tt0000198,carmencita-0198
tt0000199,carmencita-0199
tt0000200,carmencita-0200
tt0000201,carmencita-0201
tt0000202,carmencita-0202
tt0000203,carmencita-0203
tt0000204,carmencita-0204
tt0000205,carmencita-0205
tt0000206,carmencita-0206
tt0000207,carmencita-0207
tt0000208,carmencita-0208
tt0000209,carmencita-0209
tt0000210,carmencita-0210
tt0000211,carmencita-0211
tt0000212,carmencita-0212
tt0000213,carmencita-0213
tt0000214,carmencita-0214
tt0000215,carmencita-0215
tt0000216,carmencita-0216
tt0000217,carmencita-0217
tt0000218,carmencita-0218
tt0000219,carmencita-0219
tt0000220,carmencita-0220
tt0000221,carmencita-0221
tt0000222,carmencita-0222
tt0000223,carmencita-0223
tt0000224,carmencita-0224
tt0000225,carmencita-0225
tt0000226,carmencita-0226
tt0000227,carmencita-0227
tt0000228,carmencita-0228
tt0000229,carmencita-0229
tt0000230,carmencita-0230
tt0000231,carmencita-0231
tt0000232,carmencita-0232
tt0000233,carmencita-0233
tt0000234,carmencita-0234
tt0000235,carmencita-0235
tt0000236,carmencita-0236
tt0000237,carmencita-0237
tt0000238,carmencita-0238
tt0000239,carmencita-0239
tt0000240,carmencita-0240
tt0000241,carmencita-0241
tt0000242,carmencita-0242
tt0000243,carmencita-0243
tt0000244,carmencita-0244
tt0000245,carmencita-0245
tt0000246,carmencita-0246
tt0000247,carmencita-0247
tt0000248,carmencita-0248
tt0000249,carmencita-0249
tt0000250,carmencita-0250
tt0000251,carmencita-0251
tt0000252,carmencita-0252
tt0000253,carmencita-0253
tt0000254,carmencita-0254
tt0000255,carmencita-0255
tt0000256,carmencita-0256
tt0000257,carmencita-0257
tt0000258,carmencita-0258
tt0000259,carmencita-0259
tt0000260,carmencita-0260
tt0000261,carmencita-0261
tt0000262,carmencita-0262
tt0000263,carmencita-0263
tt0000264,carmencita-0264
tt0000265,carmencita-0265
tt0000266,carmencita-0266
tt0000267,carmencita-0267
tt0000268,carmencita-0268
tt0000269,carmencita-0269
tt0000270,carmencita-0270
tt0000271,carmencita-0271
tt0000272,carmencita-0272
tt0000273,carmencita-0273
tt0000274,carmencita-0274
tt0000275,carmencita-0275
tt0000276,carmencita-0276
tt0000277,carmencita-0277
tt0000278,carmencita-0278
tt0000279,carmencita-0279
tt0000280,carmencita-0280
tt0000281,carmencita-0281
tt0000282,carmencita-0282
tt0000283,carmencita-0283
tt0000284,carmencita-0284
tt0000285,carmencita-0285
tt0000286,carmencita-0286
tt0000287,carmencita-0287
tt0000288,carmencita-0288
tt0000289,carmencita-0289
tt0000290,carmencita-0290
tt0000291,carmencita-0291
tt0000292,carmencita-0292
tt0000293,carmencita-0293
tt0000294,carmencita-0294
tt0000295,carmencita-0295
tt0000296,carmencita-0296
tt0000297,carmencita-0297
tt0000298,carmencita-0298
tt0000299,carmencita-0299
tt0000300,carmencita-0300
tt0000301,carmencita-0301
tt0000302,carmencita-0302
tt0000303,carmencita-0303
tt0000304,carmencita-0304
tt0000305,carmencita-0305
tt0000306,carmencita-0306
tt0000307,carmencita-0307
tt0000308,carmencita-0308
tt0000309,carmencita-0309
tt0000310,carmencita-0310
tt0000311,carmencita-0311
tt0000312,carmencita-0312
tt0000313,carmencita-0313
tt0000314,carmencita-0314
tt0000315,carmencita-0315
tt0000316,carmencita-0316
tt0000317,carmencita-0317
tt0000318,carmencita-0318
tt0000319,carmencita-0319
tt0000320,carmencita-0320
tt0000321,carmencita-0321
tt0000322,carmencita-0322
tt0000323,carmencita-0323
tt0000324,carmencita-0324
tt0000325,carmencita-0325
tt0000326,carmencita-0326
tt0000327,carmencita-0327
tt0000328,carmencita-0328
tt0000329,carmencita-0329
tt0000330,carmencita-0330
tt0000331,carmencita-0331
tt0000332,carmencita-0332
tt0000333,carmencita-0333
tt0000334,carmencita-0334
tt0000335,carmencita-0335
tt0000336,carmencita-0336
tt0000337,carmencita-0337
tt0000338,carmencita-0338
tt0000339,carmencita-0339
tt0000340,carmencita-0340
tt0000341,carmencita-0341
tt0000342,carmencita-0342
tt0000343,carmencita-0343
tt0000344,carmencita-0344
tt0000345,carmencita-0345
tt0000346,carmencita-0346
tt0000347,carmencita-0347
tt0000348,carmencita-0348
tt0000349,carmencita-0349
tt0000350,carmencita-0350
tt0000351,carmencita-0351
tt0000352,carmencita-0352
tt0000353,carmencita-0353
tt0000354,carmencita-0354
tt0000355,carmencita-0355
tt0000356,carmencita-0356
tt0000357,carmencita-0357
tt0000358,carmencita-0358
tt0000359,carmencita-0359
tt0000360,carmencita-0360
tt0000361,carmencita-0361
tt0000362,carmencita-0362
tt0000363,carmencita-0363
tt0000364,carmencita-0364
tt0000365,carmencita-0365
tt0000366,carmencita-0366
tt0000367,carmencita-0367
tt0000368,carmencita-0368
tt0000369,carmencita-0369
tt0000370,carmencita-0370
tt0000371,carmencita-0371
tt0000372,carmencita-0372
tt0000373,carmencita-0373
tt0000374,carmencita-0374
tt0000375,carmencita-0375
tt0000376,carmencita-0376
tt0000377,carmencita-0377
tt0000378,carmencita-0378
tt0000379,carmencita-0379
tt0000380,carmencita-0380
tt0000381,carmencita-0381
tt0000382,carmencita-0382
tt0000383,carmencita-0383
tt0000384,carmencita-0384
tt0000385,carmencita-0385
tt0000386,carmencita-0386
tt0000387,carmencita-0387
tt0000388,carmencita-0388
tt0000389,carmencita-0389
tt0000390,carmencita-0390
tt0000391,carmencita-0391
tt0000392,carmencita-0392
tt0000393,carmencita-0393
tt0000394,carmencita-0394
tt0000395,carmencita-0395
tt0000396,carmencita-0396
tt0000397,carmencita-0397
tt0000398,carmencita-0398
tt0000399,carmencita-0399
tt0000400,carmencita-0400
tt0000401,carmencita-0401
tt0000402,carmencita-0402
tt0000403,carmencita-0403
tt0000404,carmencita-0404
tt0000405,carmencita-0405
tt0000406,carmencita-0406
tt0000407,carmencita-0407
tt0000408,carmencita-0408
tt0000409,carmencita-0409
tt0000410,carmencita-0410
tt0000411,carmencita-0411
tt0000412,carmencita-0412
tt0000413,carmencita-0413
tt0000414,carmencita-0414
tt0000415,carmencita-0415
tt0000416,carmencita-0416
tt0000417,carmencita-0417
tt0000418,carmencita-0418
tt0000419,carmencita-0419
tt0000420,carmencita-0420
tt0000421,carmencita-0421
tt0000422,carmencita-0422
tt0000423,carmencita-0423
tt0000424,carmencita-0424
tt0000425,carmencita-0425
tt0000426,carmencita-0426
tt0000427,carmencita-0427
tt0000428,carmencita-0428
tt0000429,carmencita-0429
tt0000430,carmencita-0430
tt0000431,carmencita-0431
tt0000432,carmencita-0432
tt0000433,carmencita-0433
tt0000434,carmencita-0434
tt0000435,carmencita-0435
tt0000436,carmencita-0436
tt0000437,carmencita-0437
tt0000438,carmencita-0438
tt0000439,carmencita-0439
tt0000440,carmencita-0440
tt0000441,carmencita-0441
tt0000442,carmencita-0442
tt0000443,carmencita-0443
tt0000444,carmencita-0444
tt0000445,carmencita-0445
tt0000446,carmencita-0446
tt0000447,carmencita-0447
tt0000448,carmencita-0448
tt0000449,carmencita-0449
tt0000450,carmencita-0450
tt0000451,carmencita-0451
tt0000452,carmencita-0452
tt0000453,carmencita-0453
tt0000454,carmencita-0454
tt0000455,carmencita-0455
tt0000456,carmencita-0456
tt0000457,carmencita-0457
tt0000458,carmencita-0458
tt0000459,carmencita-0459
tt0000460,carmencita-0460
tt0000461,carmencita-0461
tt0000462,carmencita-0462
tt0000463,carmencita-0463
tt0000464,carmencita-0464
tt0000465,carmencita-0465
tt0000466,carmencita-0466
tt0000467,carmencita-0467
tt0000468,carmencita-0468
tt0000469,carmencita-0469
tt0000470,carmencita-0470
tt0000471,carmencita-0471
tt0000472,carmencita-0472
tt0000473,carmencita-0473
tt0000474,carmencita-0474
tt0000475,carmencita-0475
tt0000476,carmencita-0476
tt0000477,carmencita-0477
tt0000478,carmencita-0478
tt0000479,carmencita-0479
tt0000480,carmencita-0480
tt0000481,carmencita-0481
tt0000482,carmencita-0482
tt0000483,carmencita-0483
tt0000484,carmencita-0484
tt0000485,carmencita-0485
tt0000486,carmencita-0486
tt0000487,carmencita-0487
tt0000488,carmencita-0488
tt0000489,carmencita-0489
tt0000490,carmencita-0490
tt0000491,carmencita-0491
tt0000492,carmencita-0492
tt0000493,carmencita-0493
tt0000494,carmencita-0494
tt0000495,carmencita-0495
tt0000496,carmencita-0496
tt0000497,carmencita-0497
tt0000498,carmencita-0498
tt0000499,carmencita-0499
tt0000500,carmencita-0500
tt0000501,carmencita-0501
tt0000502,carmencita-0502
tt0000503,carmencita-0503
tt0000504,carmencita-0504
tt0000505,carmencita-0505
tt0000506,carmencita-0506
tt0000507,carmencita-0507
tt0000508,carmencita-0508
tt0000509,carmencita-0509
tt0000510,carmencita-0510
tt0000511,carmencita-0511
tt0000512,carmencita-0512
tt0000513,carmencita-0513
tt0000514,carmencita-0514
tt0000515,carmencita-0515
tt0000516,carmencita-0516
tt0000517,carmencita-0517
tt0000518,carmencita-0518
tt0000519,carmencita-0519
tt0000520,carmencita-0520
tt0000521,carmencita-0521
tt0000522,carmencita-0522
tt0000523,carmencita-0523
tt0000524,carmencita-0524
tt0000525,carmencita-0525
tt0000526,carmencita-0526
tt0000527,carmencita-0527
tt0000528,carmencita-0528
tt0000529,carmencita-0529
tt0000530,carmencita-0530
tt0000531,carmencita-0531
tt0000532,carmencita-0532
tt0000533,carmencita-0533
tt0000534,carmencita-0534
tt0000535,carmencita-0535
tt0000536,carmencita-0536
tt0000537,carmencita-0537
tt0000538,carmencita-0538
tt0000539,carmencita-0539
tt0000540,carmencita-0540
tt0000541,carmencita-0541
tt0000542,carmencita-0542
tt0000543,carmencita-0543
tt0000544,carmencita-0544
tt0000545,carmencita-0545
tt0000546,carmencita-0546
tt0000547,carmencita-0547
tt0000548,carmencita-0548
tt0000549,carmencita-0549
tt0000550,carmencita-0550
tt0000551,carmencita-0551
tt0000552,carmencita-0552
tt0000553,carmencita-0553
tt0000554,carmencita-0554
tt0000555,carmencita-0555
tt0000556,carmencita-0556
tt0000557,carmencita-0557
tt0000558,carmencita-0558
tt0000559,carmencita-0559
tt0000560,carmencita-0560
tt0000561,carmencita-0561
tt0000562,carmencita-0562
tt0000563,carmencita-0563
tt0000564,carmencita-0564
tt0000565,carmencita-0565
tt0000566,carmencita-0566
tt0000567,carmencita-0567
tt0000568,carmencita-0568
tt0000569,carmencita-0569
tt0000570,carmencita-0570
tt0000571,carmencita-0571
tt0000572,carmencita-0572
tt0000573,carmencita-0573
tt0000574,carmencita-0574
tt0000575,carmencita-0575
tt0000576,carmencita-0576
tt0000577,carmencita-0577
tt0000578,carmencita-0578
tt0000579,carmencita-0579
tt0000580,carmencita-0580
tt0000581,carmencita-0581
tt0000582,carmencita-0582
tt0000583,carmencita-0583
tt0000584,carmencita-0584
tt0000585,carmencita-0585
tt0000586,carmencita-0586
tt0000587,carmencita-0587
tt0000588,carmencita-0588
tt0000589,carmencita-0589
tt0000590,carmencita-0590
tt0000591,carmencita-0591
tt0000592,carmencita-0592
tt0000593,carmencita-0593
tt0000594,carmencita-0594
tt0000595,carmencita-0595
tt0000596,carmencita-0596
tt0000597,carmencita-0597
tt0000598,carmencita-0598
tt0000599,carmencita-0599
tt0000600,carmencita-0600
tt0000601,carmencita-0601
tt0000602,carmencita-0602
tt0000603,carmencita-0603
tt0000604,carmencita-0604
tt0000605,carmencita-0605
tt0000606,carmencita-0606
tt0000607,carmencita-0607
tt0000608,carmencita-0608
tt0000609,carmencita-0609
tt0000610,carmencita-0610
tt0000611,carmencita-0611
tt0000612,carmencita-0612
tt0000613,carmencita-0613
tt0000614,carmencita-0614
tt0000615,carmencita-0615
tt0000616,carmencita-0616
tt0000617,carmencita-0617
tt0000618,carmencita-0618
tt0000619,carmencita-0619
tt0000620,carmencita-0620
tt0000621,carmencita-0621
tt0000622,carmencita-0622
tt0000623,carmencita-0623
tt0000624,carmencita-0624
tt0000625,carmencita-0625
tt0000626,carmencita-0626
tt0000627,carmencita-0627
tt0000628,carmencita-0628
tt0000629,carmencita-0629
tt0000630,carmencita-0630
tt0000631,carmencita-0631
tt0000632,carmencita-0632
tt0000633,carmencita-0633
tt0000634,carmencita-0634
tt0000635,carmencita-0635
tt0000636,carmencita-0636
tt0000637,carmencita-0637
tt0000638,carmencita-0638
tt0000639,carmencita-0639
tt0000640,carmencita-0640
tt0000641,carmencita-0641
tt0000642,carmencita-0642
tt0000643,carmencita-0643
tt0000644,carmencita-0644
tt0000645,carmencita-0645
tt0000646,carmencita-0646
tt0000647,carmencita-0647
tt0000648,carmencita-0648
tt0000649,carmencita-0649
tt0000650,carmencita-0650
tt0000651,carmencita-0651
tt0000652,carmencita-0652
tt0000653,carmencita-0653
tt0000654,carmencita-0654
tt0000655,carmencita-0655
tt0000656,carmencita-0656
tt0000657,carmencita-0657
tt0000658,carmencita-0658
tt0000659,carmencita-0659
tt0000660,carmencita-0660
tt0000661,carmencita-0661
tt0000662,carmencita-0662
tt0000663,carmencita-0663
tt0000664,carmencita-0664
tt0000665,carmencita-0665
tt0000666,carmencita-0666
tt0000667,carmencita-0667
tt0000668,carmencita-0668
tt0000669,carmencita-0669
tt0000670,carmencita-0670
tt0000671,carmencita-0671
tt0000672,carmencita-0672
tt0000673,carmencita-0673
tt0000674,carmencita-0674
tt0000675,carmencita-0675
tt0000676,carmencita-0676
tt0000677,carmencita-0677
tt0000678,carmencita-0678
tt0000679,carmencita-0679
tt0000680,carmencita-0680
tt0000681,carmencita-0681
tt0000682,carmencita-0682
tt0000683,carmencita-0683
tt0000684,carmencita-0684
tt0000685,carmencita-0685
tt0000686,carmencita-0686
tt0000687,carmencita-0687
tt0000688,carmencita-0688
tt0000689,carmencita-0689
tt0000690,carmencita-0690
tt0000691,carmencita-0691
tt0000692,carmencita-0692
tt0000693,carmencita-0693
tt0000694,carmencita-0694
tt0000695,carmencita-0695
tt0000696,carmencita-0696
tt0000697,carmencita-0697
tt0000698,carmencita-0698
tt0000699,carmencita-0699
tt0000700,carmencita-0700
tt0000701,carmencita-0701
tt0000702,carmencita-0702
tt0000703,carmencita-0703
tt0000704,carmencita-0704
tt0000705,carmencita-0705
tt0000706,carmencita-0706
tt0000707,carmencita-0707
tt0000708,carmencita-0708
tt0000709,carmencita-0709
tt0000710,carmencita-0710
tt0000711,carmencita-0711
tt0000712,carmencita-0712
tt0000713,carmencita-0713
tt0000714,carmencita-0714
tt0000715,carmencita-0715
tt0000716,carmencita-0716
tt0000717,carmencita-0717
tt0000718,carmencita-0718
tt0000719,carmencita-0719
tt0000720,carmencita-0720
tt0000721,carmencita-0721
tt0000722,carmencita-0722
tt0000723,carmencita-0723
tt0000724,carmencita-0724
tt0000725,carmencita-0725
tt0000726,carmencita-0726
tt0000727,carmencita-0727
tt0000728,carmencita-0728
tt0000729,carmencita-0729
tt0000730,carmencita-0730
tt0000731,carmencita-0731
tt0000732,carmencita-0732
tt0000733,carmencita-0733
tt0000734,carmencita-0734
tt0000735,carmencita-0735
tt0000736,carmencita-0736
tt0000737,carmencita-0737
tt0000738,carmencita-0738
tt0000739,carmencita-0739
tt0000740,carmencita-0740
tt0000741,carmencita-0741
tt0000742,carmencita-0742
tt0000743,carmencita-0743
tt0000744,carmencita-0744
tt0000745,carmencita-0745
tt0000746,carmencita-0746
tt0000747,carmencita-0747
tt0000748,carmencita-0748
tt0000749,carmencita-0749
tt0000750,carmencita-0750
tt0000751,carmencita-0751
tt0000752,carmencita-0752
tt0000753,carmencita-0753
tt0000754,carmencita-0754
tt0000755,carmencita-0755
tt0000756,carmencita-0756
tt0000757,carmencita-0757
tt0000758,carmencita-0758
tt0000759,carmencita-0759
tt0000760,carmencita-0760
tt0000761,carmencita-0761
tt0000762,carmencita-0762
tt0000763,carmencita-0763
tt0000764,carmencita-0764
tt0000765,carmencita-0765
tt0000766,carmencita-0766
tt0000767,carmencita-0767
tt0000768,carmencita-0768
tt0000769,carmencita-0769
tt0000770,carmencita-0770
tt0000771,carmencita-0771
tt0000772,carmencita-0772
tt0000773,carmencita-0773
tt0000774,carmencita-0774
tt0000775,carmencita-0775
tt0000776,carmencita-0776
tt0000777,carmencita-0777
tt0000778,carmencita-0778
tt0000779,carmencita-0779
tt0000780,carmencita-0780
tt0000781,carmencita-0781
tt0000782,carmencita-0782
tt0000783,carmencita-0783
tt0000784,carmencita-0784
tt0000785,carmencita-0785
tt0000786,carmencita-0786
tt0000787,carmencita-0787
tt0000788,carmencita-0788
tt0000789,carmencita-0789
tt0000790,carmencita-0790
tt0000791,carmencita-0791
tt0000792,carmencita-0792
tt0000793,carmencita-0793
tt0000794,carmencita-0794
tt0000795,carmencita-0795
tt0000796,carmencita-0796
tt0000797,carmencita-0797
tt0000798,carmencita-0798
tt0000799,carmencita-0799
tt0000800,carmencita-0800
tt0000801,carmencita-0801
tt0000802,carmencita-0802
tt0000803,carmencita-0803
tt0000804,carmencita-0804
tt0000805,carmencita-0805
tt0000806,carmencita-0806
tt0000807,carmencita-0807
tt0000808,carmencita-0808
tt0000809,carmencita-0809
tt0000810,carmencita-0810
tt0000811,carmencita-0811
tt0000812,carmencita-0812
tt0000813,carmencita-0813
tt0000814,carmencita-0814
tt0000815,carmencita-0815
tt0000816,carmencita-0816
tt0000817,carmencita-0817
tt0000818,carmencita-0818
tt0000819,carmencita-0819
tt0000820,carmencita-0820
tt0000821,carmencita-0821
tt0000822,carmencita-0822
tt0000823,carmencita-0823
tt0000824,carmencita-0824
tt0000825,carmencita-0825
tt0000826,carmencita-0826
tt0000827,carmencita-0827
tt0000828,carmencita-0828
tt0000829,carmencita-0829
tt0000830,carmencita-0830
tt0000831,carmencita-0831
tt0000832,carmencita-0832
tt0000833,carmencita-0833
tt0000834,carmencita-0834
tt0000835,carmencita-0835
tt0000836,carmencita-0836
tt0000837,carmencita-0837
tt0000838,carmencita-0838
tt0000839,carmencita-0839
tt0000840,carmencita-0840
tt0000841,carmencita-0841
tt0000842,carmencita-0842
tt0000843,carmencita-0843
tt0000844,carmencita-0844
tt0000845,carmencita-0845
tt0000846,carmencita-0846
tt0000847,carmencita-0847
tt0000848,carmencita-0848
tt0000849,carmencita-0849
tt0000850,carmencita-0850
tt0000851,carmencita-0851
tt0000852,carmencita-0852
tt0000853,carmencita-0853
tt0000854,carmencita-0854
tt0000855,carmencita-0855
tt0000856,carmencita-0856
tt0000857,carmencita-0857
tt0000858,carmencita-0858
tt0000859,carmencita-0859
tt0000860,carmencita-0860
tt0000861,carmencita-0861
tt0000862,carmencita-0862
tt0000863,carmencita-0863
tt0000864,carmencita-0864
tt0000865,carmencita-0865
tt0000866,carmencita-0866
tt0000867,carmencita-0867
tt0000868,carmencita-0868
tt0000869,carmencita-0869
tt0000870,carmencita-0870
tt0000871,carmencita-0871
tt0000872,carmencita-0872
tt0000873,carmencita-0873
tt0000874,carmencita-0874
tt0000875,carmencita-0875
tt0000876,carmencita-0876
tt0000877,carmencita-0877
tt0000878,carmencita-0878
tt0000879,carmencita-0879
tt0000880,carmencita-0880
tt0000881,carmencita-0881
tt0000882,carmencita-0882
tt0000883,carmencita-0883
tt0000884,carmencita-0884
tt0000885,carmencita-0885
tt0000886,carmencita-0886
tt0000887,carmencita-0887
tt0000888,carmencita-0888
tt0000889,carmencita-0889
tt0000890,carmencita-0890
tt0000891,carmencita-0891
tt0000892,carmencita-0892
tt0000893,carmencita-0893
tt0000894,carmencita-0894
tt0000895,carmencita-0895
tt0000896,carmencita-0896
tt0000897,carmencita-0897
tt0000898,carmencita-0898
tt0000899,carmencita-0899
tt0000900,carmencita-0900
tt0000901,carmencita-0901
tt0000902,carmencita-0902
tt0000903,carmencita-0903
tt0000904,carmencita-0904
tt0000905,carmencita-0905
tt0000906,carmencita-0906
tt0000907,carmencita-0907
tt0000908,carmencita-0908
tt0000909,carmencita-0909
tt0000910,carmencita-0910
tt0000911,carmencita-0911
tt0000912,carmencita-0912
tt0000913,carmencita-0913
tt0000914,carmencita-0914
tt0000915,carmencita-0915
tt0000916,carmencita-0916
tt0000917,carmencita-0917
tt0000918,carmencita-0918
tt0000919,carmencita-0919
tt0000920,carmencita-0920
tt0000921,carmencita-0921
tt0000922,carmencita-0922
tt0000923,carmencita-0923
tt0000924,carmencita-0924
tt0000925,carmencita-0925
tt0000926,carmencita-0926
tt0000927,carmencita-0927
tt0000928,carmencita-0928
tt0000929,carmencita-0929
tt0000930,carmencita-0930
tt0000931,carmencita-0931
tt0000932,carmencita-0932
tt0000933,carmencita-0933
tt0000934,carmencita-0934
tt0000935,carmencita-0935
tt0000936,carmencita-0936
tt0000937,carmencita-0937
tt0000938,carmencita-0938
tt0000939,carmencita-0939
tt0000940,carmencita-0940
tt0000941,carmencita-0941
tt0000942,carmencita-0942
tt0000943,carmencita-0943
tt0000944,carmencita-0944
tt0000945,carmencita-0945
tt0000946,carmencita-0946
tt0000947,carmencita-0947
tt0000948,carmencita-0948
tt0000949,carmencita-0949
tt0000950,carmencita-0950
tt0000951,carmencita-0951
tt0000952,carmencita-0952
tt0000953,carmencita-0953
tt0000954,carmencita-0954
tt0000955,carmencita-0955
tt0000956,carmencita-0956
tt0000957,carmencita-0957
tt0000958,carmencita-0958
tt0000959,carmencita-0959
tt0000960,carmencita-0960
tt0000961,carmencita-0961
tt0000962,carmencita-0962
tt0000963,carmencita-0963
tt0000964,carmencita-0964
tt0000965,carmencita-0965
tt0000966,carmencita-0966
tt0000967,carmencita-0967
tt0000968,carmencita-0968
tt0000969,carmencita-0969
tt0000970,carmencita-0970
tt0000971,carmencita-0971
tt0000972,carmencita-0972
tt0000973,carmencita-0973
tt0000974,carmencita-0974
tt0000975,carmencita-0975
tt0000976,carmencita-0976
tt0000977,carmencita-0977
tt0000978,carmencita-0978
tt0000979,carmencita-0979
tt0000980,carmencita-0980
tt0000981,carmencita-0981
tt0000982,carmencita-0982
tt0000983,carmencita-0983
tt0000984,carmencita-0984
tt0000985,carmencita-0985
tt0000986,carmencita-0986
tt0000987,carmencita-0987
tt0000988,carmencita-0988
tt0000989,carmencita-0989
tt0000990,carmencita-0990
tt0000991,carmencita-0991
tt0000992,carmencita-0992
tt0000993,carmencita-0993
tt0000994,carmencita-0994
tt0000995,carmencita-0995
tt0000996,carmencita-0996
tt0000997,carmencita-0997
tt0000998,carmencita-0998
tt0000999,carmencita-0999
tt0001000,carmencita-1000
tt0001001,carmencita-1001
tt0001002,carmencita-1002
tt0001003,carmencita-1003
tt0001004,carmencita-1004
tt0001005,carmencita-1005
tt0001006,carmencita-1006
tt0001007,carmencita-1007
tt0001008,carmencita-1008
tt0001009,carmencita-1009
tt0001010,carmencita-1010
tt0001011,carmencita-1011
tt0001012,carmencita-1012
tt0001013,carmencita-1013
tt0001014,carmencita-1014
tt0001015,carmencita-1015
tt0001016,carmencita-1016
tt0001017,carmencita-1017
tt0001018,carmencita-1018
tt0001019,carmencita-1019
tt0001020,carmencita-1020
tt0001021,carmencita-1021
tt0001022,carmencita-1022
tt0001023,carmencita-1023
tt0001024,carmencita-1024
tt0001025,carmencita-1025
tt0001026,carmencita-1026
tt0001027,carmencita-1027
tt0001028,carmencita-1028
tt0001029,carmencita-1029
tt0001030,carmencita-1030
tt0001031,carmencita-1031
tt0001032,carmencita-1032
tt0001033,carmencita-1033
tt0001034,carmencita-1034
tt0001035,carmencita-1035
tt0001036,carmencita-1036
tt0001037,carmencita-1037
tt0001038,carmencita-1038
tt0001039,carmencita-1039
tt0001040,carmencita-1040
tt0001041,carmencita-1041
tt0001042,carmencita-1042
tt0001043,carmencita-1043
tt0001044,carmencita-1044
tt0001045,carmencita-1045
tt0001046,carmencita-1046
tt0001047,carmencita-1047
tt0001048,carmencita-1048
tt0001049,carmencita-1049
tt0001050,carmencita-1050
tt0001051,carmencita-1051
tt0001052,carmencita-1052
tt0001053,carmencita-1053
tt0001054,carmencita-1054
tt0001055,carmencita-1055
tt0001056,carmencita-1056
tt0001057,carmencita-1057
tt0001058,carmencita-1058
tt0001059,carmencita-1059
tt0001060,carmencita-1060
tt0001061,carmencita-1061
tt0001062,carmencita-1062
tt0001063,carmencita-1063
tt0001064,carmencita-1064
tt0001065,carmencita-1065
tt0001066,carmencita-1066
tt0001067,carmencita-1067
tt0001068,carmencita-1068
tt0001069,carmencita-1069
tt0001070,carmencita-1070
tt0001071,carmencita-1071
tt0001072,carmencita-1072
tt0001073,carmencita-1073
tt0001074,carmencita-1074
tt0001075,carmencita-1075
tt0001076,carmencita-1076
tt0001077,carmencita-1077
tt0001078,carmencita-1078
tt0001079,carmencita-1079
tt0001080,carmencita-1080
tt0001081,carmencita-1081
tt0001082,carmencita-1082
tt0001083,carmencita-1083
tt0001084,carmencita-1084
tt0001085,carmencita-1085
tt0001086,carmencita-1086
tt0001087,carmencita-1087
tt0001088,carmencita-1088
tt0001089,carmencita-1089
tt0001090,carmencita-1090
tt0001091,carmencita-1091
tt0001092,carmencita-1092
tt0001093,carmencita-1093
tt0001094,carmencita-1094
tt0001095,carmencita-1095
tt0001096,carmencita-1096
tt0001097,carmencita-1097
tt0001098,carmencita-1098
tt0001099,carmencita-1099
tt0001100,carmencita-1100
tt0001101,carmencita-1101
tt0001102,carmencita-1102
tt0001103,carmencita-1103
tt0001104,carmencita-1104
tt0001105,carmencita-1105
tt0001106,carmencita-1106
tt0001107,carmencita-1107
tt0001108,carmencita-1108
tt0001109,carmencita-1109
tt0001110,carmencita-1110
tt0001111,carmencita-1111
tt0001112,carmencita-1112
tt0001113,carmencita-1113
tt0001114,carmencita-1114
tt0001115,carmencita-1115
tt0001116,carmencita-1116
tt0001117,carmencita-1117
tt0001118,carmencita-1118
tt0001119,carmencita-1119
tt0001120,carmencita-1120
tt0001121,carmencita-1121
tt0001122,carmencita-1122
tt0001123,carmencita-1123
tt0001124,carmencita-1124
tt0001125,carmencita-1125
tt0001126,carmencita-1126
tt0001127,carmencita-1127
tt0001128,carmencita-1128
tt0001129,carmencita-1129
tt0001130,carmencita-1130
tt0001131,carmencita-1131
tt0001132,carmencita-1132
tt0001133,carmencita-1133
tt0001134,carmencita-1134
tt0001135,carmencita-1135
tt0001136,carmencita-1136
tt0001137,carmencita-1137
tt0001138,carmencita-1138
tt0001139,carmencita-1139
tt0001140,carmencita-1140
tt0001141,carmencita-1141
tt0001142,carmencita-1142
tt0001143,carmencita-1143
tt0001144,carmencita-1144
tt0001145,carmencita-1145
tt0001146,carmencita-1146
tt0001147,carmencita-1147
tt0001148,carmencita-1148
tt0001149,carmencita-1149
tt0001150,carmencita-1150
tt0001151,carmencita-1151
tt0001152,carmencita-1152
tt0001153,carmencita-1153
tt0001154,carmencita-1154
tt0001155,carmencita-1155
tt0001156,carmencita-1156
tt0001157,carmencita-1157
tt0001158,carmencita-1158
tt0001159,carmencita-1159
tt0001160,carmencita-1160
tt0001161,carmencita-1161
tt0001162,carmencita-1162
tt0001163,carmencita-1163
tt0001164,carmencita-1164
tt0001165,carmencita-1165
tt0001166,carmencita-1166
tt0001167,carmencita-1167
tt0001168,carmencita-1168
tt0001169,carmencita-1169
tt0001170,carmencita-1170
tt0001171,carmencita-1171
tt0001172,carmencita-1172
tt0001173,carmencita-1173
tt0001174,carmencita-1174
tt0001175,carmencita-1175
tt0001176,carmencita-1176
tt0001177,carmencita-1177
tt0001178,carmencita-1178
tt0001179,carmencita-1179
tt0001180,carmencita-1180
tt0001181,carmencita-1181
tt0001182,carmencita-1182
tt0001183,carmencita-1183
tt0001184,carmencita-1184
tt0001185,carmencita-1185
tt0001186,carmencita-1186
tt0001187,carmencita-1187
tt0001188,carmencita-1188
tt0001189,carmencita-1189
tt0001190,carmencita-1190
tt0001191,carmencita-1191
tt0001192,carmencita-1192
tt0001193,carmencita-1193
tt0001194,carmencita-1194
tt0001195,carmencita-1195
tt0001196,carmencita-1196
tt0001197,carmencita-1197
tt0001198,carmencita-1198
tt0001199,carmencita-1199
tt0001200,carmencita-1200
tt0001201,carmencita-1201
tt0001202,carmencita-1202
tt0001203,carmencita-1203
tt0001204,carmencita-1204
tt0001205,carmencita-1205
tt0001206,carmencita-1206
tt0001207,carmencita-1207
tt0001208,carmencita-1208
tt0001209,carmencita-1209
tt0001210,carmencita-1210
tt0001211,carmencita-1211
tt0001212,carmencita-1212
tt0001213,carmencita-1213
tt0001214,carmencita-1214
tt0001215,carmencita-1215
tt0001216,carmencita-1216
tt0001217,carmencita-1217
tt0001218,carmencita-1218
tt0001219,carmencita-1219
tt0001220,carmencita-1220
tt0001221,carmencita-1221
tt0001222,carmencita-1222
tt0001223,carmencita-1223
tt0001224,carmencita-1224
tt0001225,carmencita-1225
tt0001226,carmencita-1226
tt0001227,carmencita-1227
tt0001228,carmencita-1228
tt0001229,carmencita-1229
tt0001230,carmencita-1230
tt0001231,carmencita-1231
tt0001232,carmencita-1232
tt0001233,carmencita-1233
tt0001234,carmencita-1234
tt0001235,carmencita-1235
tt0001236,carmencita-1236
tt0001237,carmencita-1237
tt0001238,carmencita-1238
tt0001239,carmencita-1239
tt0001240,carmencita-1240
tt0001241,carmencita-1241
tt0001242,carmencita-1242
tt0001243,carmencita-1243
tt0001244,carmencita-1244
tt0001245,carmencita-1245
tt0001246,carmencita-1246
tt0001247,carmencita-1247
tt0001248,carmencita-1248
tt0001249,carmencita-1249
tt0001250,carmencita-1250
tt0001251,carmencita-1251
tt0001252,carmencita-1252
tt0001253,carmencita-1253
tt0001254,carmencita-1254
tt0001255,carmencita-1255
tt0001256,carmencita-1256
tt0001257,carmencita-1257
tt0001258,carmencita-1258
tt0001259,carmencita-1259
tt0001260,carmencita-1260
tt0001261,carmencita-1261
tt0001262,carmencita-1262
tt0001263,carmencita-1263
tt0001264,carmencita-1264
tt0001265,carmencita-1265
tt0001266,carmencita-1266
tt0001267,carmencita-1267
tt0001268,carmencita-1268
tt0001269,carmencita-1269
tt0001270,carmencita-1270
tt0001271,carmencita-1271
tt0001272,carmencita-1272
tt0001273,carmencita-1273
tt0001274,carmencita-1274
tt0001275,carmencita-1275
tt0001276,carmencita-1276
tt0001277,carmencita-1277
tt0001278,carmencita-1278
tt0001279,carmencita-1279
tt0001280,carmencita-1280
tt0001281,carmencita-1281
tt0001282,carmencita-1282
tt0001283,carmencita-1283
tt0001284,carmencita-1284
tt0001285,carmencita-1285
tt0001286,carmencita-1286
tt0001287,carmencita-1287
tt0001288,carmencita-1288
tt0001289,carmencita-1289
tt0001290,carmencita-1290
tt0001291,carmencita-1291
tt0001292,carmencita-1292
tt0001293,carmencita-1293
tt0001294,carmencita-1294
tt0001295,carmencita-1295
tt0001296,carmencita-1296
tt0001297,carmencita-1297
tt0001298,carmencita-1298
tt0001299,carmencita-1299
tt0001300,carmencita-1300
tt0001301,carmencita-1301
tt0001302,carmencita-1302
tt0001303,carmencita-1303
tt0001304,carmencita-1304
tt0001305,carmencita-1305
tt0001306,carmencita-1306
tt0001307,carmencita-1307
tt0001308,carmencita-1308
tt0001309,carmencita-1309
tt0001310,carmencita-1310
tt0001311,carmencita-1311
tt0001312,carmencita-1312
tt0001313,carmencita-1313
tt0001314,carmencita-1314
tt0001315,carmencita-1315
tt0001316,carmencita-1316
tt0001317,carmencita-1317
tt0001318,carmencita-1318
tt0001319,carmencita-1319
tt0001320,carmencita-1320
tt0001321,carmencita-1321
tt0001322,carmencita-1322
tt0001323,carmencita-1323
tt0001324,carmencita-1324
tt0001325,carmencita-1325
tt0001326,carmencita-1326
tt0001327,carmencita-1327
tt0001328,carmencita-1328
tt0001329,carmencita-1329
tt0001330,carmencita-1330
tt0001331,carmencita-1331
tt0001332,carmencita-1332
tt0001333,carmencita-1333
tt0001334,carmencita-1334
tt0001335,carmencita-1335
tt0001336,carmencita-1336
tt0001337,carmencita-1337
tt0001338,carmencita-1338
tt0001339,carmencita-1339
tt0001340,carmencita-1340
tt0001341,carmencita-1341
tt0001342,carmencita-1342
tt0001343,carmencita-1343
tt0001344,carmencita-1344
tt0001345,carmencita-1345
tt0001346,carmencita-1346
tt0001347,carmencita-1347
tt0001348,carmencita-1348
tt0001349,carmencita-1349
tt0001350,carmencita-1350
tt0001351,carmencita-1351
tt0001352,carmencita-1352
tt0001353,carmencita-1353
tt0001354,carmencita-1354
tt0001355,carmencita-1355
tt0001356,carmencita-1356
tt0001357,carmencita-1357
tt0001358,carmencita-1358
tt0001359,carmencita-1359
tt0001360,carmencita-1360
tt0001361,carmencita-1361
tt0001362,carmencita-1362
tt0001363,carmencita-1363
tt0001364,carmencita-1364
tt0001365,carmencita-1365
tt0001366,carmencita-1366
tt0001367,carmencita-1367
tt0001368,carmencita-1368
tt0001369,carmencita-1369
tt0001370,carmencita-1370
tt0001371,carmencita-1371
tt0001372,carmencita-1372
tt0001373,carmencita-1373
tt0001374,carmencita-1374
tt0001375,carmencita-1375
tt0001376,carmencita-1376
tt0001377,carmencita-1377
tt0001378,carmencita-1378
tt0001379,carmencita-1379
tt0001380,carmencita-1380
tt0001381,carmencita-1381
tt0001382,carmencita-1382
tt0001383,carmencita-1383
tt0001384,carmencita-1384
tt0001385,carmencita-1385
tt0001386,carmencita-1386
tt0001387,carmencita-1387
tt0001388,carmencita-1388
tt0001389,carmencita-1389
tt0001390,carmencita-1390
tt0001391,carmencita-1391
tt0001392,carmencita-1392
tt0001393,carmencita-1393
tt0001394,carmencita-1394
tt0001395,carmencita-1395
tt0001396,carmencita-1396
tt0001397,carmencita-1397
tt0001398,carmencita-1398
tt0001399,carmencita-1399
tt0001400,carmencita-1400
tt0001401,carmencita-1401
tt0001402,carmencita-1402
tt0001403,carmencita-1403
tt0001404,carmencita-1404
tt0001405,carmencita-1405
tt0001406,carmencita-1406
tt0001407,carmencita-1407
tt0001408,carmencita-1408
tt0001409,carmencita-1409
tt0001410,carmencita-1410
tt0001411,carmencita-1411
tt0001412,carmencita-1412
tt0001413,carmencita-1413
tt0001414,carmencita-1414
tt0001415,carmencita-1415
tt0001416,carmencita-1416
tt0001417,carmencita-1417
tt0001418,carmencita-1418
tt0001419,carmencita-1419
tt0001420,carmencita-1420
tt0001421,carmencita-1421
tt0001422,carmencita-1422
tt0001423,carmencita-1423
tt0001424,carmencita-1424
tt0001425,carmencita-1425
tt0001426,carmencita-1426
tt0001427,carmencita-1427
tt0001428,carmencita-1428
tt0001429,carmencita-1429
tt0001430,carmencita-1430
tt0001431,carmencita-1431
tt0001432,carmencita-1432
tt0001433,carmencita-1433
tt0001434,carmencita-1434
tt0001435,carmencita-1435
tt0001436,carmencita-1436
tt0001437,carmencita-1437
tt0001438,carmencita-1438
tt0001439,carmencita-1439
tt0001440,carmencita-1440
tt0001441,carmencita-1441
tt0001442,carmencita-1442
tt0001443,carmencita-1443
tt0001444,carmencita-1444
tt0001445,carmencita-1445
tt0001446,carmencita-1446
tt0001447,carmencita-1447
tt0001448,carmencita-1448
tt0001449,carmencita-1449
tt0001450,carmencita-1450
tt0001451,carmencita-1451
tt0001452,carmencita-1452
tt0001453,carmencita-1453
tt0001454,carmencita-1454
tt0001455,carmencita-1455
tt0001456,carmencita-1456
tt0001457,carmencita-1457
tt0001458,carmencita-1458
tt0001459,carmencita-1459
tt0001460,carmencita-1460
tt0001461,carmencita-1461
tt0001462,carmencita-1462
tt0001463,carmencita-1463
tt0001464,carmencita-1464
tt0001465,carmencita-1465
tt0001466,carmencita-1466
tt0001467,carmencita-1467
tt0001468,carmencita-1468
tt0001469,carmencita-1469
tt0001470,carmencita-1470
tt0001471,carmencita-1471
tt0001472,carmencita-1472
tt0001473,carmencita-1473
tt0001474,carmencita-1474
tt0001475,carmencita-1475
tt0001476,carmencita-1476
tt0001477,carmencita-1477
tt0001478,carmencita-1478
tt0001479,carmencita-1479
tt0001480,carmencita-1480
tt0001481,carmencita-1481
tt0001482,carmencita-1482
tt0001483,carmencita-1483
tt0001484,carmencita-1484
tt0001485,carmencita-1485
tt0001486,carmencita-1486
tt0001487,carmencita-1487
tt0001488,carmencita-1488
tt0001489,carmencita-1489
tt0001490,carmencita-1490
tt0001491,carmencita-1491
tt0001492,carmencita-1492
tt0001493,carmencita-1493
tt0001494,carmencita-1494
tt0001495,carmencita-1495
tt0001496,carmencita-1496
tt0001497,carmencita-1497
tt0001498,carmencita-1498
tt0001499,carmencita-1499
tt0001500,carmencita-1500
tt0001501,carmencita-1501
tt0001502,carmencita-1502
tt0001503,carmencita-1503
tt0001504,carmencita-1504
tt0001505,carmencita-1505
tt0001506,carmencita-1506
tt0001507,carmencita-1507
tt0001508,carmencita-1508
tt0001509,carmencita-1509
tt0001510,carmencita-1510
tt0001511,carmencita-1511
tt0001512,carmencita-1512
tt0001513,carmencita-1513
tt0001514,carmencita-1514
tt0001515,carmencita-1515
tt0001516,carmencita-1516
tt0001517,carmencita-1517
tt0001518,carmencita-1518
tt0001519,carmencita-1519
tt0001520,carmencita-1520
tt0001521,carmencita-1521
tt0001522,carmencita-1522
tt0001523,carmencita-1523
tt0001524,carmencita-1524
tt0001525,carmencita-1525
tt0001526,carmencita-1526
tt0001527,carmencita-1527
tt0001528,carmencita-1528
tt0001529,carmencita-1529
tt0001530,carmencita-1530
tt0001531,carmencita-1531
tt0001532,carmencita-1532
tt0001533,carmencita-1533
tt0001534,carmencita-1534
tt0001535,carmencita-1535
tt0001536,carmencita-1536
tt0001537,carmencita-1537
tt0001538,carmencita-1538
tt0001539,carmencita-1539
tt0001540,carmencita-1540
tt0001541,carmencita-1541
tt0001542,carmencita-1542
tt0001543,carmencita-1543
tt0001544,carmencita-1544
tt0001545,carmencita-1545
tt0001546,carmencita-1546
tt0001547,carmencita-1547
tt0001548,carmencita-1548
tt0001549,carmencita-1549
tt0001550,carmencita-1550
tt0001551,carmencita-1551
tt0001552,carmencita-1552
tt0001553,carmencita-1553
tt0001554,carmencita-1554
tt0001555,carmencita-1555
tt0001556,carmencita-1556
tt0001557,carmencita-1557
tt0001558,carmencita-1558
tt0001559,carmencita-1559
tt0001560,carmencita-1560
tt0001561,carmencita-1561
tt0001562,carmencita-1562
tt0001563,carmencita-1563
tt0001564,carmencita-1564
tt0001565,carmencita-1565
tt0001566,carmencita-1566
tt0001567,carmencita-1567
tt0001568,carmencita-1568
tt0001569,carmencita-1569
tt0001570,carmencita-1570
tt0001571,carmencita-1571
tt0001572,carmencita-1572
tt0001573,carmencita-1573
tt0001574,carmencita-1574
tt0001575,carmencita-1575
tt0001576,carmencita-1576
tt0001577,carmencita-1577
tt0001578,carmencita-1578
tt0001579,carmencita-1579
tt0001580,carmencita-1580
tt0001581,carmencita-1581
tt0001582,carmencita-1582
tt0001583,carmencita-1583
tt0001584,carmencita-1584
tt0001585,carmencita-1585
tt0001586,carmencita-1586
tt0001587,carmencita-1587
tt0001588,carmencita-1588
tt0001589,carmencita-1589
tt0001590,carmencita-1590
tt0001591,carmencita-1591
tt0001592,carmencita-1592
tt0001593,carmencita-1593
tt0001594,carmencita-1594
tt0001595,carmencita-1595
tt0001596,carmencita-1596
tt0001597,carmencita-1597
tt0001598,carmencita-1598
tt0001599,carmencita-1599
tt0001600,carmencita-1600
tt0001601,carmencita-1601
tt0001602,carmencita-1602
tt0001603,carmencita-1603
tt0001604,carmencita-1604
tt0001605,carmencita-1605
tt0001606,carmencita-1606
tt0001607,carmencita-1607
tt0001608,carmencita-1608
tt0001609,carmencita-1609
tt0001610,carmencita-1610
tt0001611,carmencita-1611
tt0001612,carmencita-1612
tt0001613,carmencita-1613
tt0001614,carmencita-1614
tt0001615,carmencita-1615
tt0001616,carmencita-1616
tt0001617,carmencita-1617
tt0001618,carmencita-1618
tt0001619,carmencita-1619
tt0001620,carmencita-1620
tt0001621,carmencita-1621
tt0001622,carmencita-1622
tt0001623,carmencita-1623
tt0001624,carmencita-1624
tt0001625,carmencita-1625
tt0001626,carmencita-1626
tt0001627,carmencita-1627
tt0001628,carmencita-1628
tt0001629,carmencita-1629
tt0001630,carmencita-1630
tt0001631,carmencita-1631
tt0001632,carmencita-1632
tt0001633,carmencita-1633
tt0001634,carmencita-1634
tt0001635,carmencita-1635
tt0001636,carmencita-1636
tt0001637,carmencita-1637
tt0001638,carmencita-1638
tt0001639,carmencita-1639
tt0001640,carmencita-1640
tt0001641,carmencita-1641
tt0001642,carmencita-1642
tt0001643,carmencita-1643
tt0001644,carmencita-1644
tt0001645,carmencita-1645
tt0001646,carmencita-1646
tt0001647,carmencita-1647
tt0001648,carmencita-1648
tt0001649,carmencita-1649
tt0001650,carmencita-1650
tt0001651,carmencita-1651
tt0001652,carmencita-1652
tt0001653,carmencita-1653
tt0001654,carmencita-1654
tt0001655,carmencita-1655
tt0001656,carmencita-1656
tt0001657,carmencita-1657
tt0001658,carmencita-1658
tt0001659,carmencita-1659
tt0001660,carmencita-1660
tt0001661,carmencita-1661
tt0001662,carmencita-1662
tt0001663,carmencita-1663
tt0001664,carmencita-1664
tt0001665,carmencita-1665
tt0001666,carmencita-1666
tt0001667,carmencita-1667
tt0001668,carmencita-1668
tt0001669,carmencita-1669
tt0001670,carmencita-1670
tt0001671,carmencita-1671
tt0001672,carmencita-1672
tt0001673,carmencita-1673
tt0001674,carmencita-1674
tt0001675,carmencita-1675
tt0001676,carmencita-1676
tt0001677,carmencita-1677
tt0001678,carmencita-1678
tt0001679,carmencita-1679
tt0001680,carmencita-1680
tt0001681,carmencita-1681
tt0001682,carmencita-1682
tt0001683,carmencita-1683
tt0001684,carmencita-1684
tt0001685,carmencita-1685
tt0001686,carmencita-1686
tt0001687,carmencita-1687
tt0001688,carmencita-1688
tt0001689,carmencita-1689
tt0001690,carmencita-1690
tt0001691,carmencita-1691
tt0001692,carmencita-1692
tt0001693,carmencita-1693
tt0001694,carmencita-1694
tt0001695,carmencita-1695
tt0001696,carmencita-1696
tt0001697,carmencita-1697
tt0001698,carmencita-1698
tt0001699,carmencita-1699
tt0001700,carmencita-1700
tt0001701,carmencita-1701
tt0001702,carmencita-1702
tt0001703,carmencita-1703
tt0001704,carmencita-1704
tt0001705,carmencita-1705
tt0001706,carmencita-1706
tt0001707,carmencita-1707
tt0001708,carmencita-1708
tt0001709,carmencita-1709
tt0001710,carmencita-1710
tt0001711,carmencita-1711
tt0001712,carmencita-1712
tt0001713,carmencita-1713
tt0001714,carmencita-1714
tt0001715,carmencita-1715
tt0001716,carmencita-1716
tt0001717,carmencita-1717
tt0001718,carmencita-1718
tt0001719,carmencita-1719
tt0001720,carmencita-1720
tt0001721,carmencita-1721
tt0001722,carmencita-1722
tt0001723,carmencita-1723
tt0001724,carmencita-1724
tt0001725,carmencita-1725
tt0001726,carmencita-1726
tt0001727,carmencita-1727
tt0001728,carmencita-1728
tt0001729,carmencita-1729
tt0001730,carmencita-1730
tt0001731,carmencita-1731
tt0001732,carmencita-1732
tt0001733,carmencita-1733
tt0001734,carmencita-1734
tt0001735,carmencita-1735
tt0001736,carmencita-1736
tt0001737,carmencita-1737
tt0001738,carmencita-1738
tt0001739,carmencita-1739
tt0001740,carmencita-1740
tt0001741,carmencita-1741
tt0001742,carmencita-1742
tt0001743,carmencita-1743
tt0001744,carmencita-1744
tt0001745,carmencita-1745
tt0001746,carmencita-1746
tt0001747,carmencita-1747
tt0001748,carmencita-1748
tt0001749,carmencita-1749
tt0001750,carmencita-1750
tt0001751,carmencita-1751
tt0001752,carmencita-1752
tt0001753,carmencita-1753
tt0001754,carmencita-1754
tt0001755,carmencita-1755
tt0001756,carmencita-1756
tt0001757,carmencita-1757
tt0001758,carmencita-1758
tt0001759,carmencita-1759
tt0001760,carmencita-1760
tt0001761,carmencita-1761
tt0001762,carmencita-1762
tt0001763,carmencita-1763
tt0001764,carmencita-1764
tt0001765,carmencita-1765
tt0001766,carmencita-1766
tt0001767,carmencita-1767
tt0001768,carmencita-1768
tt0001769,carmencita-1769
tt0001770,carmencita-1770
tt0001771,carmencita-1771
tt0001772,carmencita-1772
tt0001773,carmencita-1773
tt0001774,carmencita-1774
tt0001775,carmencita-1775
tt0001776,carmencita-1776
tt0001777,carmencita-1777
tt0001778,carmencita-1778
tt0001779,carmencita-1779
tt0001780,carmencita-1780
tt0001781,carmencita-1781
tt0001782,carmencita-1782
tt0001783,carmencita-1783
tt0001784,carmencita-1784
tt0001785,carmencita-1785
tt0001786,carmencita-1786
tt0001787,carmencita-1787
tt0001788,carmencita-1788
tt0001789,carmencita-1789
tt0001790,carmencita-1790
tt0001791,carmencita-1791
tt0001792,carmencita-1792
tt0001793,carmencita-1793
tt0001794,carmencita-1794
tt0001795,carmencita-1795
tt0001796,carmencita-1796
tt0001797,carmencita-1797
tt0001798,carmencita-1798
tt0001799,carmencita-1799
tt0001800,carmencita-1800
tt0001801,carmencita-1801
tt0001802,carmencita-1802
tt0001803,carmencita-1803
tt0001804,carmencita-1804
tt0001805,carmencita-1805
tt0001806,carmencita-1806
tt0001807,carmencita-1807
tt0001808,carmencita-1808
tt0001809,carmencita-1809
tt0001810,carmencita-1810
tt0001811,carmencita-1811
tt0001812,carmencita-1812
tt0001813,carmencita-1813
tt0001814,carmencita-1814
tt0001815,carmencita-1815
tt0001816,carmencita-1816
tt0001817,carmencita-1817
tt0001818,carmencita-1818
tt0001819,carmencita-1819
tt0001820,carmencita-1820
tt0001821,carmencita-1821
tt0001822,carmencita-1822
tt0001823,carmencita-1823
tt0001824,carmencita-1824
tt0001825,carmencita-1825
tt0001826,carmencita-1826
tt0001827,carmencita-1827
tt0001828,carmencita-1828
tt0001829,carmencita-1829
tt0001830,carmencita-1830
tt0001831,carmencita-1831
tt0001832,carmencita-1832
tt0001833,carmencita-1833
tt0001834,carmencita-1834
tt0001835,carmencita-1835
tt0001836,carmencita-1836
tt0001837,carmencita-1837
tt0001838,carmencita-1838
tt0001839,carmencita-1839
tt0001840,carmencita-1840
tt0001841,carmencita-1841
tt0001842,carmencita-1842
tt0001843,carmencita-1843
tt0001844,carmencita-1844
tt0001845,carmencita-1845
tt0001846,carmencita-1846
tt0001847,carmencita-1847
tt0001848,carmencita-1848
tt0001849,carmencita-1849
tt0001850,carmencita-1850
tt0001851,carmencita-1851
tt0001852,carmencita-1852
tt0001853,carmencita-1853
tt0001854,carmencita-1854
tt0001855,carmencita-1855
tt0001856,carmencita-1856
tt0001857,carmencita-1857
tt0001858,carmencita-1858
tt0001859,carmencita-1859
tt0001860,carmencita-1860
tt0001861,carmencita-1861
tt0001862,carmencita-1862
tt0001863,carmencita-1863
tt0001864,carmencita-1864
tt0001865,carmencita-1865
tt0001866,carmencita-1866
tt0001867,carmencita-1867
tt0001868,carmencita-1868
tt0001869,carmencita-1869
tt0001870,carmencita-1870
tt0001871,carmencita-1871
tt0001872,carmencita-1872
tt0001873,carmencita-1873
tt0001874,carmencita-1874
tt0001875,carmencita-1875
tt0001876,carmencita-1876
tt0001877,carmencita-1877
tt0001878,carmencita-1878
tt0001879,carmencita-1879
tt0001880,carmencita-1880
tt0001881,carmencita-1881
tt0001882,carmencita-1882
tt0001883,carmencita-1883
tt0001884,carmencita-1884
tt0001885,carmencita-1885
tt0001886,carmencita-1886
tt0001887,carmencita-1887
tt0001888,carmencita-1888
tt0001889,carmencita-1889
tt0001890,carmencita-1890
tt0001891,carmencita-1891
tt0001892,carmencita-1892
tt0001893,carmencita-1893
tt0001894,carmencita-1894
tt0001895,carmencita-1895
tt0001896,carmencita-1896
tt0001897,carmencita-1897
tt0001898,carmencita-1898
tt0001899,carmencita-1899
tt0001900,carmencita-1900
tt0001901,carmencita-1901
tt0001902,carmencita-1902
tt0001903,carmencita-1903
tt0001904,carmencita-1904
tt0001905,carmencita-1905
tt0001906,carmencita-1906
tt0001907,carmencita-1907
tt0001908,carmencita-1908
tt0001909,carmencita-1909
tt0001910,carmencita-1910
tt0001911,carmencita-1911
tt0001912,carmencita-1912
tt0001913,carmencita-1913
tt0001914,carmencita-1914
tt0001915,carmencita-1915
tt0001916,carmencita-1916
tt0001917,carmencita-1917
tt0001918,carmencita-1918
tt0001919,carmencita-1919
tt0001920,carmencita-1920
tt0001921,carmencita-1921
tt0001922,carmencita-1922
tt0001923,carmencita-1923
tt0001924,carmencita-1924
tt0001925,carmencita-1925
tt0001926,carmencita-1926
tt0001927,carmencita-1927
tt0001928,carmencita-1928
tt0001929,carmencita-1929
tt0001930,carmencita-1930
tt0001931,carmencita-1931
tt0001932,carmencita-1932
tt0001933,carmencita-1933
tt0001934,carmencita-1934
tt0001935,carmencita-1935
tt0001936,carmencita-1936
tt0001937,carmencita-1937
tt0001938,carmencita-1938
tt0001939,carmencita-1939
tt0001940,carmencita-1940
tt0001941,carmencita-1941
tt0001942,carmencita-1942
tt0001943,carmencita-1943
tt0001944,carmencita-1944
tt0001945,carmencita-1945
tt0001946,carmencita-1946
tt0001947,carmencita-1947
tt0001948,carmencita-1948
tt0001949,carmencita-1949
tt0001950,carmencita-1950
tt0001951,carmencita-1951
tt0001952,carmencita-1952
tt0001953,carmencita-1953
tt0001954,carmencita-1954
tt0001955,carmencita-1955
tt0001956,carmencita-1956
tt0001957,carmencita-1957
tt0001958,carmencita-1958
tt0001959,carmencita-1959
tt0001960,carmencita-1960
tt0001961,carmencita-1961
tt0001962,carmencita-1962
tt0001963,carmencita-1963
tt0001964,carmencita-1964
tt0001965,carmencita-1965
tt0001966,carmencita-1966
tt0001967,carmencita-1967
tt0001968,carmencita-1968
tt0001969,carmencita-1969
tt0001970,carmencita-1970
tt0001971,carmencita-1971
tt0001972,carmencita-1972
tt0001973,carmencita-1973
tt0001974,carmencita-1974
tt0001975,carmencita-1975
tt0001976,carmencita-1976
tt0001977,carmencita-1977
tt0001978,carmencita-1978
tt0001979,carmencita-1979
tt0001980,carmencita-1980
tt0001981,carmencita-1981
tt0001982,carmencita-1982
tt0001983,carmencita-1983
tt0001984,carmencita-1984
tt0001985,carmencita-1985
tt0001986,carmencita-1986
tt0001987,carmencita-1987
tt0001988,carmencita-1988
tt0001989,carmencita-1989
tt0001990,carmencita-1990
tt0001991,carmencita-1991
tt0001992,carmencita-1992
tt0001993,carmencita-1993
tt0001994,carmencita-1994
tt0001995,carmencita-1995
tt0001996,carmencita-1996
tt0001997,carmencita-1997
tt0001998,carmencita-1998
tt0001999,carmencita-1999
tt0002000,carmencita-2000
tt0002001,carmencita-2001
tt0002002,carmencita-2002
tt0002003,carmencita-2003
tt0002004,carmencita-2004
tt0002005,carmencita-2005
tt0002006,carmencita-2006
tt0002007,carmencita-2007
tt0002008,carmencita-2008
tt0002009,carmencita-2009
tt0002010,carmencita-2010
tt0002011,carmencita-2011
tt0002012,carmencita-2012
tt0002013,carmencita-2013
tt0002014,carmencita-2014
tt0002015,carmencita-2015
tt0002016,carmencita-2016
tt0002017,carmencita-2017
tt0002018,carmencita-2018
tt0002019,carmencita-2019
tt0002020,carmencita-2020
tt0002021,carmencita-2021
tt0002022,carmencita-2022
tt0002023,carmencita-2023
tt0002024,carmencita-2024
tt0002025,carmencita-2025
tt0002026,carmencita-2026
tt0002027,carmencita-2027
tt0002028,carmencita-2028
tt0002029,carmencita-2029
tt0002030,carmencita-2030
tt0002031,carmencita-2031
tt0002032,carmencita-2032
tt0002033,carmencita-2033
tt0002034,carmencita-2034
tt0002035,carmencita-2035
tt0002036,carmencita-2036
tt0002037,carmencita-2037
tt0002038,carmencita-2038
tt0002039,carmencita-2039
tt0002040,carmencita-2040
tt0002041,carmencita-2041
tt0002042,carmencita-2042
tt0002043,carmencita-2043
tt0002044,carmencita-2044
tt0002045,carmencita-2045
tt0002046,carmencita-2046
tt0002047,carmencita-2047
tt0002048,carmencita-2048
tt0002049,carmencita-2049
tt0002050,carmencita-2050
tt0002051,carmencita-2051
tt0002052,carmencita-2052
tt0002053,carmencita-2053
tt0002054,carmencita-2054
tt0002055,carmencita-2055
tt0002056,carmencita-2056
tt0002057,carmencita-2057
tt0002058,carmencita-2058
tt0002059,carmencita-2059
tt0002060,carmencita-2060
tt0002061,carmencita-2061
tt0002062,carmencita-2062
tt0002063,carmencita-2063
tt0002064,carmencita-2064
tt0002065,carmencita-2065
tt0002066,carmencita-2066
tt0002067,carmencita-2067
tt0002068,carmencita-2068
tt0002069,carmencita-2069
tt0002070,carmencita-2070
tt0002071,carmencita-2071
tt0002072,carmencita-2072
tt0002073,carmencita-2073
tt0002074,carmencita-2074
tt0002075,carmencita-2075
tt0002076,carmencita-2076
tt0002077,carmencita-2077
tt0002078,carmencita-2078
tt0002079,carmencita-2079
tt0002080,carmencita-2080
tt0002081,carmencita-2081
tt0002082,carmencita-2082
tt0002083,carmencita-2083
tt0002084,carmencita-2084
tt0002085,carmencita-2085
tt0002086,carmencita-2086
tt0002087,carmencita-2087
tt0002088,carmencita-2088
tt0002089,carmencita-2089
tt0002090,carmencita-2090
tt0002091,carmencita-2091
tt0002092,carmencita-2092
tt0002093,carmencita-2093
tt0002094,carmencita-2094
tt0002095,carmencita-2095
tt0002096,carmencita-2096
tt0002097,carmencita-2097
tt0002098,carmencita-2098
tt0002099,carmencita-2099
tt0002100,carmencita-2100
tt0002101,carmencita-2101
tt0002102,carmencita-2102
tt0002103,carmencita-2103
tt0002104,carmencita-2104
tt0002105,carmencita-2105
tt0002106,carmencita-2106
tt0002107,carmencita-2107
tt0002108,carmencita-2108
tt0002109,carmencita-2109
tt0002110,carmencita-2110
tt0002111,carmencita-2111
tt0002112,carmencita-2112
tt0002113,carmencita-2113
tt0002114,carmencita-2114
tt0002115,carmencita-2115
tt0002116,carmencita-2116
tt0002117,carmencita-2117
tt0002118,carmencita-2118
tt0002119,carmencita-2119
tt0002120,carmencita-2120
tt0002121,carmencita-2121
tt0002122,carmencita-2122
tt0002123,carmencita-2123
tt0002124,carmencita-2124
tt0002125,carmencita-2125
tt0002126,carmencita-2126
tt0002127,carmencita-2127
tt0002128,carmencita-2128
tt0002129,carmencita-2129
tt0002130,carmencita-2130
tt0002131,carmencita-2131
tt0002132,carmencita-2132
tt0002133,carmencita-2133
tt0002134,carmencita-2134
tt0002135,carmencita-2135
tt0002136,carmencita-2136
tt0002137,carmencita-2137
tt0002138,carmencita-2138
tt0002139,carmencita-2139
tt0002140,carmencita-2140
tt0002141,carmencita-2141
tt0002142,carmencita-2142
tt0002143,carmencita-2143
tt0002144,carmencita-2144
tt0002145,carmencita-2145
tt0002146,carmencita-2146
tt0002147,carmencita-2147
tt0002148,carmencita-2148
tt0002149,carmencita-2149
tt0002150,carmencita-2150
tt0002151,carmencita-2151
tt0002152,carmencita-2152
tt0002153,carmencita-2153
tt0002154,carmencita-2154
tt0002155,carmencita-2155
tt0002156,carmencita-2156
tt0002157,carmencita-2157
tt0002158,carmencita-2158
tt0002159,carmencita-2159
tt0002160,carmencita-2160
tt0002161,carmencita-2161
tt0002162,carmencita-2162
tt0002163,carmencita-2163
tt0002164,carmencita-2164
tt0002165,carmencita-2165
tt0002166,carmencita-2166
tt0002167,carmencita-2167
tt0002168,carmencita-2168
tt0002169,carmencita-2169
tt0002170,carmencita-2170
tt0002171,carmencita-2171
tt0002172,carmencita-2172
tt0002173,carmencita-2173
tt0002174,carmencita-2174
tt0002175,carmencita-2175
tt0002176,carmencita-2176
tt0002177,carmencita-2177
tt0002178,carmencita-2178
tt0002179,carmencita-2179
tt0002180,carmencita-2180
tt0002181,carmencita-2181
tt0002182,carmencita-2182
tt0002183,carmencita-2183
tt0002184,carmencita-2184
tt0002185,carmencita-2185
tt0002186,carmencita-2186
tt0002187,carmencita-2187
tt0002188,carmencita-2188
tt0002189,carmencita-2189
tt0002190,carmencita-2190
tt0002191,carmencita-2191
tt0002192,carmencita-2192
tt0002193,carmencita-2193
tt0002194,carmencita-2194
tt0002195,carmencita-2195
tt0002196,carmencita-2196
tt0002197,carmencita-2197
tt0002198,carmencita-2198
tt0002199,carmencita-2199
tt0002200,carmencita-2200
tt0002201,carmencita-2201
tt0002202,carmencita-2202
tt0002203,carmencita-2203
tt0002204,carmencita-2204
tt0002205,carmencita-2205
tt0002206,carmencita-2206
tt0002207,carmencita-2207
tt0002208,carmencita-2208
tt0002209,carmencita-2209
tt0002210,carmencita-2210
tt0002211,carmencita-2211
tt0002212,carmencita-2212
tt0002213,carmencita-2213
tt0002214,carmencita-2214
tt0002215,carmencita-2215
tt0002216,carmencita-2216
tt0002217,carmencita-2217
tt0002218,carmencita-2218
tt0002219,carmencita-2219
tt0002220,carmencita-2220
tt0002221,carmencita-2221
tt0002222,carmencita-2222
tt0002223,carmencita-2223
tt0002224,carmencita-2224
tt0002225,carmencita-2225
tt0002226,carmencita-2226
tt0002227,carmencita-2227
tt0002228,carmencita-2228
tt0002229,carmencita-2229
tt0002230,carmencita-2230
tt0002231,carmencita-2231
tt0002232,carmencita-2232
tt0002233,carmencita-2233
tt0002234,carmencita-2234
tt0002235,carmencita-2235
tt0002236,carmencita-2236
tt0002237,carmencita-2237
tt0002238,carmencita-2238
tt0002239,carmencita-2239
tt0002240,carmencita-2240
tt0002241,carmencita-2241
tt0002242,carmencita-2242
tt0002243,carmencita-2243
tt0002244,carmencita-2244
tt0002245,carmencita-2245
tt0002246,carmencita-2246
tt0002247,carmencita-2247
tt0002248,carmencita-2248
tt0002249,carmencita-2249
tt0002250,carmencita-2250
tt0002251,carmencita-2251
tt0002252,carmencita-2252
tt0002253,carmencita-2253
tt0002254,carmencita-2254
tt0002255,carmencita-2255
tt0002256,carmencita-2256
tt0002257,carmencita-2257
tt0002258,carmencita-2258
tt0002259,carmencita-2259
tt0002260,carmencita-2260
tt0002261,carmencita-2261
tt0002262,carmencita-2262
tt0002263,carmencita-2263
tt0002264,carmencita-2264
tt0002265,carmencita-2265
tt0002266,carmencita-2266
tt0002267,carmencita-2267
tt0002268,carmencita-2268
tt0002269,carmencita-2269
tt0002270,carmencita-2270
tt0002271,carmencita-2271
tt0002272,carmencita-2272
tt0002273,carmencita-2273
tt0002274,carmencita-2274
tt0002275,carmencita-2275
tt0002276,carmencita-2276
tt0002277,carmencita-2277
tt0002278,carmencita-2278
tt0002279,carmencita-2279
tt0002280,carmencita-2280
tt0002281,carmencita-2281
tt0002282,carmencita-2282
tt0002283,carmencita-2283
tt0002284,carmencita-2284
tt0002285,carmencita-2285
tt0002286,carmencita-2286
tt0002287,carmencita-2287
tt0002288,carmencita-2288
tt0002289,carmencita-2289
tt0002290,carmencita-2290
tt0002291,carmencita-2291
tt0002292,carmencita-2292
tt0002293,carmencita-2293
tt0002294,carmencita-2294
tt0002295,carmencita-2295
tt0002296,carmencita-2296
tt0002297,carmencita-2297
tt0002298,carmencita-2298
tt0002299,carmencita-2299
tt0002300,carmencita-2300
tt0002301,carmencita-2301
tt0002302,carmencita-2302
tt0002303,carmencita-2303
tt0002304,carmencita-2304
tt0002305,carmencita-2305
tt0002306,carmencita-2306
tt0002307,carmencita-2307
tt0002308,carmencita-2308
tt0002309,carmencita-2309
tt0002310,carmencita-2310
tt0002311,carmencita-2311
tt0002312,carmencita-2312
tt0002313,carmencita-2313
tt0002314,carmencita-2314
tt0002315,carmencita-2315
tt0002316,carmencita-2316
tt0002317,carmencita-2317
tt0002318,carmencita-2318
tt0002319,carmencita-2319
tt0002320,carmencita-2320
tt0002321,carmencita-2321
tt0002322,carmencita-2322
tt0002323,carmencita-2323
tt0002324,carmencita-2324
tt0002325,carmencita-2325
tt0002326,carmencita-2326
tt0002327,carmencita-2327
tt0002328,carmencita-2328
tt0002329,carmencita-2329
tt0002330,carmencita-2330
tt0002331,carmencita-2331
tt0002332,carmencita-2332
tt0002333,carmencita-2333
tt0002334,carmencita-2334
tt0002335,carmencita-2335
tt0002336,carmencita-2336
tt0002337,carmencita-2337
tt0002338,carmencita-2338
tt0002339,carmencita-2339
tt0002340,carmencita-2340
tt0002341,carmencita-2341
tt0002342,carmencita-2342
tt0002343,carmencita-2343
tt0002344,carmencita-2344
tt0002345,carmencita-2345
tt0002346,carmencita-2346
tt0002347,carmencita-2347
tt0002348,carmencita-2348
tt0002349,carmencita-2349
tt0002350,carmencita-2350
tt0002351,carmencita-2351
tt0002352,carmencita-2352
tt0002353,carmencita-2353
tt0002354,carmencita-2354
tt0002355,carmencita-2355
tt0002356,carmencita-2356
tt0002357,carmencita-2357
tt0002358,carmencita-2358
tt0002359,carmencita-2359
tt0002360,carmencita-2360
tt0002361,carmencita-2361
tt0002362,carmencita-2362
tt0002363,carmencita-2363
tt0002364,carmencita-2364
tt0002365,carmencita-2365
tt0002366,carmencita-2366
tt0002367,carmencita-2367
tt0002368,carmencita-2368
tt0002369,carmencita-2369
tt0002370,carmencita-2370
tt0002371,carmencita-2371
tt0002372,carmencita-2372
tt0002373,carmencita-2373
tt0002374,carmencita-2374
tt0002375,carmencita-2375
tt0002376,carmencita-2376
tt0002377,carmencita-2377
tt0002378,carmencita-2378
tt0002379,carmencita-2379
tt0002380,carmencita-2380
tt0002381,carmencita-2381
tt0002382,carmencita-2382
tt0002383,carmencita-2383
tt0002384,carmencita-2384
tt0002385,carmencita-2385
tt0002386,carmencita-2386
tt0002387,carmencita-2387
tt0002388,carmencita-2388
tt0002389,carmencita-2389
tt0002390,carmencita-2390
tt0002391,carmencita-2391
tt0002392,carmencita-2392
tt0002393,carmencita-2393
tt0002394,carmencita-2394
tt0002395,carmencita-2395
tt0002396,carmencita-2396
tt0002397,carmencita-2397
tt0002398,carmencita-2398
tt0002399,carmencita-2399
tt0002400,carmencita-2400
tt0002401,carmencita-2401
tt0002402,carmencita-2402
tt0002403,carmencita-2403
tt0002404,carmencita-2404
tt0002405,carmencita-2405
tt0002406,carmencita-2406
tt0002407,carmencita-2407
tt0002408,carmencita-2408
tt0002409,carmencita-2409
tt0002410,carmencita-2410
tt0002411,carmencita-2411
tt0002412,carmencita-2412
tt0002413,carmencita-2413
tt0002414,carmencita-2414
tt0002415,carmencita-2415
tt0002416,carmencita-2416
tt0002417,carmencita-2417
tt0002418,carmencita-2418
tt0002419,carmencita-2419
tt0002420,carmencita-2420
tt0002421,carmencita-2421
tt0002422,carmencita-2422
tt0002423,carmencita-2423
tt0002424,carmencita-2424
tt0002425,carmencita-2425
tt0002426,carmencita-2426
tt0002427,carmencita-2427
tt0002428,carmencita-2428
tt0002429,carmencita-2429
tt0002430,carmencita-2430
tt0002431,carmencita-2431
tt0002432,carmencita-2432
tt0002433,carmencita-2433
tt0002434,carmencita-2434
tt0002435,carmencita-2435
tt0002436,carmencita-2436
tt0002437,carmencita-2437
tt0002438,carmencita-2438
tt0002439,carmencita-2439
tt0002440,carmencita-2440
tt0002441,carmencita-2441
tt0002442,carmencita-2442
tt0002443,carmencita-2443
tt0002444,carmencita-2444
tt0002445,carmencita-2445
tt0002446,carmencita-2446
tt0002447,carmencita-2447
tt0002448,carmencita-2448
tt0002449,carmencita-2449
tt0002450,carmencita-2450
tt0002451,carmencita-2451
tt0002452,carmencita-2452
tt0002453,carmencita-2453
tt0002454,carmencita-2454
tt0002455,carmencita-2455
tt0002456,carmencita-2456
tt0002457,carmencita-2457
tt0002458,carmencita-2458
tt0002459,carmencita-2459
tt0002460,carmencita-2460
tt0002461,carmencita-2461
tt0002462,carmencita-2462
tt0002463,carmencita-2463
tt0002464,carmencita-2464
tt0002465,carmencita-2465
tt0002466,carmencita-2466
tt0002467,carmencita-2467
tt0002468,carmencita-2468
tt0002469,carmencita-2469
tt0002470,carmencita-2470
tt0002471,carmencita-2471
tt0002472,carmencita-2472
tt0002473,carmencita-2473
tt0002474,carmencita-2474
tt0002475,carmencita-2475
tt0002476,carmencita-2476
tt0002477,carmencita-2477
tt0002478,carmencita-2478
tt0002479,carmencita-2479
tt0002480,carmencita-2480
tt0002481,carmencita-2481
tt0002482,carmencita-2482
tt0002483,carmencita-2483
tt0002484,carmencita-2484
tt0002485,carmencita-2485
tt0002486,carmencita-2486
tt0002487,carmencita-2487
tt0002488,carmencita-2488
tt0002489,carmencita-2489
tt0002490,carmencita-2490
tt0002491,carmencita-2491
tt0002492,carmencita-2492
tt0002493,carmencita-2493
tt0002494,carmencita-2494
tt0002495,carmencita-2495
tt0002496,carmencita-2496
tt0002497,carmencita-2497
tt0002498,carmencita-2498
tt0002499,carmencita-2499
tt0002500,carmencita-2500
tt0002501,carmencita-2501
tt0002502,carmencita-2502
tt0002503,carmencita-2503
tt0002504,carmencita-2504
tt0002505,carmencita-2505
tt0002506,carmencita-2506
tt0002507,carmencita-2507
tt0002508,carmencita-2508
tt0002509,carmencita-2509
tt0002510,carmencita-2510
tt0002511,carmencita-2511
tt0002512,carmencita-2512
tt0002513,carmencita-2513
tt0002514,carmencita-2514
tt0002515,carmencita-2515
tt0002516,carmencita-2516
tt0002517,carmencita-2517
tt0002518,carmencita-2518
tt0002519,carmencita-2519
tt0002520,carmencita-2520
tt0002521,carmencita-2521
tt0002522,carmencita-2522
tt0002523,carmencita-2523
tt0002524,carmencita-2524
tt0002525,carmencita-2525
tt0002526,carmencita-2526
tt0002527,carmencita-2527
tt0002528,carmencita-2528
tt0002529,carmencita-2529
tt0002530,carmencita-2530
tt0002531,carmencita-2531
tt0002532,carmencita-2532
tt0002533,carmencita-2533
tt0002534,carmencita-2534
tt0002535,carmencita-2535
tt0002536,carmencita-2536
tt0002537,carmencita-2537
tt0002538,carmencita-2538
tt0002539,carmencita-2539
tt0002540,carmencita-2540
tt0002541,carmencita-2541
tt0002542,carmencita-2542
tt0002543,carmencita-2543
tt0002544,carmencita-2544
tt0002545,carmencita-2545
tt0002546,carmencita-2546
tt0002547,carmencita-2547
tt0002548,carmencita-2548
tt0002549,carmencita-2549
tt0002550,carmencita-2550
tt0002551,carmencita-2551
tt0002552,carmencita-2552
tt0002553,carmencita-2553
tt0002554,carmencita-2554
tt0002555,carmencita-2555
tt0002556,carmencita-2556
tt0002557,carmencita-2557
tt0002558,carmencita-2558
tt0002559,carmencita-2559
tt0002560,carmencita-2560
tt0002561,carmencita-2561
tt0002562,carmencita-2562
tt0002563,carmencita-2563
tt0002564,carmencita-2564
tt0002565,carmencita-2565
tt0002566,carmencita-2566
tt0002567,carmencita-2567
tt0002568,carmencita-2568
tt0002569,carmencita-2569
tt0002570,carmencita-2570
tt0002571,carmencita-2571
tt0002572,carmencita-2572
tt0002573,carmencita-2573
tt0002574,carmencita-2574
tt0002575,carmencita-2575
tt0002576,carmencita-2576
tt0002577,carmencita-2577
tt0002578,carmencita-2578
tt0002579,carmencita-2579
tt0002580,carmencita-2580
tt0002581,carmencita-2581
tt0002582,carmencita-2582
tt0002583,carmencita-2583
tt0002584,carmencita-2584
tt0002585,carmencita-2585
tt0002586,carmencita-2586
tt0002587,carmencita-2587
tt0002588,carmencita-2588
tt0002589,carmencita-2589
tt0002590,carmencita-2590
tt0002591,carmencita-2591
tt0002592,carmencita-2592
tt0002593,carmencita-2593
tt0002594,carmencita-2594
tt0002595,carmencita-2595
tt0002596,carmencita-2596
tt0002597,carmencita-2597
tt0002598,carmencita-2598
tt0002599,carmencita-2599
tt0002600,carmencita-2600
tt0002601,carmencita-2601
tt0002602,carmencita-2602
tt0002603,carmencita-2603
tt0002604,carmencita-2604
tt0002605,carmencita-2605
tt0002606,carmencita-2606
tt0002607,carmencita-2607
tt0002608,carmencita-2608
tt0002609,carmencita-2609
tt0002610,carmencita-2610
tt0002611,carmencita-2611
tt0002612,carmencita-2612
tt0002613,carmencita-2613
tt0002614,carmencita-2614
tt0002615,carmencita-2615
tt0002616,carmencita-2616
tt0002617,carmencita-2617
tt0002618,carmencita-2618
tt0002619,carmencita-2619
tt0002620,carmencita-2620
tt0002621,carmencita-2621
tt0002622,carmencita-2622
tt0002623,carmencita-2623
tt0002624,carmencita-2624
tt0002625,carmencita-2625
tt0002626,carmencita-2626
tt0002627,carmencita-2627
tt0002628,carmencita-2628
tt0002629,carmencita-2629
tt0002630,carmencita-2630
tt0002631,carmencita-2631
tt0002632,carmencita-2632
tt0002633,carmencita-2633
tt0002634,carmencita-2634
tt0002635,carmencita-2635
tt0002636,carmencita-2636
tt0002637,carmencita-2637
tt0002638,carmencita-2638
tt0002639,carmencita-2639
tt0002640,carmencita-2640
tt0002641,carmencita-2641
tt0002642,carmencita-2642
tt0002643,carmencita-2643
tt0002644,carmencita-2644
tt0002645,carmencita-2645
tt0002646,carmencita-2646
tt0002647,carmencita-2647
tt0002648,carmencita-2648
tt0002649,carmencita-2649
tt0002650,carmencita-2650
tt0002651,carmencita-2651
tt0002652,carmencita-2652
tt0002653,carmencita-2653
tt0002654,carmencita-2654
tt0002655,carmencita-2655
tt0002656,carmencita-2656
tt0002657,carmencita-2657
tt0002658,carmencita-2658
tt0002659,carmencita-2659
tt0002660,carmencita-2660
tt0002661,carmencita-2661
tt0002662,carmencita-2662
tt0002663,carmencita-2663
tt0002664,carmencita-2664
tt0002665,carmencita-2665
tt0002666,carmencita-2666
tt0002667,carmencita-2667
tt0002668,carmencita-2668
tt0002669,carmencita-2669
tt0002670,carmencita-2670
tt0002671,carmencita-2671
tt0002672,carmencita-2672
tt0002673,carmencita-2673
tt0002674,carmencita-2674
tt0002675,carmencita-2675
tt0002676,carmencita-2676
tt0002677,carmencita-2677
tt0002678,carmencita-2678
tt0002679,carmencita-2679
tt0002680,carmencita-2680
tt0002681,carmencita-2681
tt0002682,carmencita-2682
tt0002683,carmencita-2683
tt0002684,carmencita-2684
tt0002685,carmencita-2685
tt0002686,carmencita-2686
tt0002687,carmencita-2687
tt0002688,carmencita-2688
tt0002689,carmencita-2689
tt0002690,carmencita-2690
tt0002691,carmencita-2691
tt0002692,carmencita-2692
tt0002693,carmencita-2693
tt0002694,carmencita-2694
tt0002695,carmencita-2695
tt0002696,carmencita-2696
tt0002697,carmencita-2697
tt0002698,carmencita-2698
tt0002699,carmencita-2699
tt0002700,carmencita-2700
tt0002701,carmencita-2701
tt0002702,carmencita-2702
tt0002703,carmencita-2703
tt0002704,carmencita-2704
tt0002705,carmencita-2705
tt0002706,carmencita-2706
tt0002707,carmencita-2707
tt0002708,carmencita-2708
tt0002709,carmencita-2709
tt0002710,carmencita-2710
tt0002711,carmencita-2711
tt0002712,carmencita-2712
tt0002713,carmencita-2713
tt0002714,carmencita-2714
tt0002715,carmencita-2715
tt0002716,carmencita-2716
tt0002717,carmencita-2717
tt0002718,carmencita-2718
tt0002719,carmencita-2719
tt0002720,carmencita-2720
tt0002721,carmencita-2721
tt0002722,carmencita-2722
tt0002723,carmencita-2723
tt0002724,carmencita-2724
tt0002725,carmencita-2725
tt0002726,carmencita-2726
tt0002727,carmencita-2727
tt0002728,carmencita-2728
tt0002729,carmencita-2729
tt0002730,carmencita-2730
tt0002731,carmencita-2731
tt0002732,carmencita-2732
tt0002733,carmencita-2733
tt0002734,carmencita-2734
tt0002735,carmencita-2735
tt0002736,carmencita-2736
tt0002737,carmencita-2737
tt0002738,carmencita-2738
tt0002739,carmencita-2739
tt0002740,carmencita-2740
tt0002741,carmencita-2741
tt0002742,carmencita-2742
tt0002743,carmencita-2743
tt0002744,carmencita-2744
tt0002745,carmencita-2745
tt0002746,carmencita-2746
tt0002747,carmencita-2747
tt0002748,carmencita-2748
tt0002749,carmencita-2749
tt0002750,carmencita-2750
tt0002751,carmencita-2751
tt0002752,carmencita-2752
tt0002753,carmencita-2753
tt0002754,carmencita-2754
tt0002755,carmencita-2755
tt0002756,carmencita-2756
tt0002757,carmencita-2757
tt0002758,carmencita-2758
tt0002759,carmencita-2759
tt0002760,carmencita-2760
tt0002761,carmencita-2761
tt0002762,carmencita-2762
tt0002763,carmencita-2763
tt0002764,carmencita-2764
tt0002765,carmencita-2765
tt0002766,carmencita-2766
tt0002767,carmencita-2767
tt0002768,carmencita-2768
tt0002769,carmencita-2769
tt0002770,carmencita-2770
tt0002771,carmencita-2771
tt0002772,carmencita-2772
tt0002773,carmencita-2773
tt0002774,carmencita-2774
tt0002775,carmencita-2775
tt0002776,carmencita-2776
tt0002777,carmencita-2777
tt0002778,carmencita-2778
tt0002779,carmencita-2779
tt0002780,carmencita-2780
tt0002781,carmencita-2781
tt0002782,carmencita-2782
tt0002783,carmencita-2783
tt0002784,carmencita-2784
tt0002785,carmencita-2785
tt0002786,carmencita-2786
tt0002787,carmencita-2787
tt0002788,carmencita-2788
tt0002789,carmencita-2789
tt0002790,carmencita-2790
tt0002791,carmencita-2791
tt0002792,carmencita-2792
tt0002793,carmencita-2793
tt0002794,carmencita-2794
tt0002795,carmencita-2795
tt0002796,carmencita-2796
tt0002797,carmencita-2797
tt0002798,carmencita-2798
tt0002799,carmencita-2799
tt0002800,carmencita-2800
tt0002801,carmencita-2801
tt0002802,carmencita-2802
tt0002803,carmencita-2803
tt0002804,carmencita-2804
tt0002805,carmencita-2805
tt0002806,carmencita-2806
tt0002807,carmencita-2807
tt0002808,carmencita-2808
tt0002809,carmencita-2809
tt0002810,carmencita-2810
tt0002811,carmencita-2811
tt0002812,carmencita-2812
tt0002813,carmencita-2813
tt0002814,carmencita-2814
tt0002815,carmencita-2815
tt0002816,carmencita-2816
tt0002817,carmencita-2817
tt0002818,carmencita-2818
tt0002819,carmencita-2819
tt0002820,carmencita-2820
tt0002821,carmencita-2821
tt0002822,carmencita-2822
tt0002823,carmencita-2823
tt0002824,carmencita-2824
tt0002825,carmencita-2825
tt0002826,carmencita-2826
tt0002827,carmencita-2827
tt0002828,carmencita-2828
tt0002829,carmencita-2829
tt0002830,carmencita-2830
tt0002831,carmencita-2831
tt0002832,carmencita-2832
tt0002833,carmencita-2833
tt0002834,carmencita-2834
tt0002835,carmencita-2835
tt0002836,carmencita-2836
tt0002837,carmencita-2837
tt0002838,carmencita-2838
tt0002839,carmencita-2839
tt0002840,carmencita-2840
tt0002841,carmencita-2841
tt0002842,carmencita-2842
tt0002843,carmencita-2843
tt0002844,carmencita-2844
tt0002845,carmencita-2845
tt0002846,carmencita-2846
tt0002847,carmencita-2847
tt0002848,carmencita-2848
tt0002849,carmencita-2849
tt0002850,carmencita-2850
tt0002851,carmencita-2851
tt0002852,carmencita-2852
tt0002853,carmencita-2853
tt0002854,carmencita-2854
tt0002855,carmencita-2855
tt0002856,carmencita-2856
tt0002857,carmencita-2857
tt0002858,carmencita-2858
tt0002859,carmencita-2859
tt0002860,carmencita-2860
tt0002861,carmencita-2861
tt0002862,carmencita-2862
tt0002863,carmencita-2863
tt0002864,carmencita-2864
tt0002865,carmencita-2865
tt0002866,carmencita-2866
tt0002867,carmencita-2867
tt0002868,carmencita-2868
tt0002869,carmencita-2869
tt0002870,carmencita-2870
tt0002871,carmencita-2871
tt0002872,carmencita-2872
tt0002873,carmencita-2873
tt0002874,carmencita-2874
tt0002875,carmencita-2875
tt0002876,carmencita-2876
tt0002877,carmencita-2877
tt0002878,carmencita-2878
tt0002879,carmencita-2879
tt0002880,carmencita-2880
tt0002881,carmencita-2881
tt0002882,carmencita-2882
tt0002883,carmencita-2883
tt0002884,carmencita-2884
tt0002885,carmencita-2885
tt0002886,carmencita-2886
tt0002887,carmencita-2887
tt0002888,carmencita-2888
tt0002889,carmencita-2889
tt0002890,carmencita-2890
tt0002891,carmencita-2891
tt0002892,carmencita-2892
tt0002893,carmencita-2893
tt0002894,carmencita-2894
tt0002895,carmencita-2895
tt0002896,carmencita-2896
tt0002897,carmencita-2897
tt0002898,carmencita-2898
tt0002899,carmencita-2899
tt0002900,carmencita-2900
tt0002901,carmencita-2901
tt0002902,carmencita-2902
tt0002903,carmencita-2903
tt0002904,carmencita-2904
tt0002905,carmencita-2905
tt0002906,carmencita-2906
tt0002907,carmencita-2907
tt0002908,carmencita-2908
tt0002909,carmencita-2909
tt0002910,carmencita-2910
tt0002911,carmencita-2911
tt0002912,carmencita-2912
tt0002913,carmencita-2913
tt0002914,carmencita-2914
tt0002915,carmencita-2915
tt0002916,carmencita-2916
tt0002917,carmencita-2917
tt0002918,carmencita-2918
tt0002919,carmencita-2919
tt0002920,carmencita-2920
tt0002921,carmencita-2921
tt0002922,carmencita-2922
tt0002923,carmencita-2923
tt0002924,carmencita-2924
tt0002925,carmencita-2925
tt0002926,carmencita-2926
tt0002927,carmencita-2927
tt0002928,carmencita-2928
tt0002929,carmencita-2929
tt0002930,carmencita-2930
tt0002931,carmencita-2931
tt0002932,carmencita-2932
tt0002933,carmencita-2933
tt0002934,carmencita-2934
tt0002935,carmencita-2935
tt0002936,carmencita-2936
tt0002937,carmencita-2937
tt0002938,carmencita-2938
tt0002939,carmencita-2939
tt0002940,carmencita-2940
tt0002941,carmencita-2941
tt0002942,carmencita-2942
tt0002943,carmencita-2943
tt0002944,carmencita-2944
tt0002945,carmencita-2945
tt0002946,carmencita-2946
tt0002947,carmencita-2947
tt0002948,carmencita-2948
tt0002949,carmencita-2949
tt0002950,carmencita-2950
tt0002951,carmencita-2951
tt0002952,carmencita-2952
tt0002953,carmencita-2953
tt0002954,carmencita-2954
tt0002955,carmencita-2955
tt0002956,carmencita-2956
tt0002957,carmencita-2957
tt0002958,carmencita-2958
tt0002959,carmencita-2959
tt0002960,carmencita-2960
tt0002961,carmencita-2961
tt0002962,carmencita-2962
tt0002963,carmencita-2963
tt0002964,carmencita-2964
tt0002965,carmencita-2965
tt0002966,carmencita-2966
tt0002967,carmencita-2967
tt0002968,carmencita-2968
tt0002969,carmencita-2969
tt0002970,carmencita-2970
tt0002971,carmencita-2971
tt0002972,carmencita-2972
tt0002973,carmencita-2973
tt0002974,carmencita-2974
tt0002975,carmencita-2975
tt0002976,carmencita-2976
tt0002977,carmencita-2977
tt0002978,carmencita-2978
tt0002979,carmencita-2979
tt0002980,carmencita-2980
tt0002981,carmencita-2981
tt0002982,carmencita-2982
tt0002983,carmencita-2983
tt0002984,carmencita-2984
tt0002985,carmencita-2985
tt0002986,carmencita-2986
tt0002987,carmencita-2987
tt0002988,carmencita-2988
tt0002989,carmencita-2989
tt0002990,carmencita-2990
tt0002991,carmencita-2991
tt0002992,carmencita-2992
tt0002993,carmencita-2993
tt0002994,carmencita-2994
tt0002995,carmencita-2995
tt0002996,carmencita-2996
tt0002997,carmencita-2997
tt0002998,carmencita-2998
tt0002999,carmencita-2999
tt0003000,carmencita-3000
tt0003001,carmencita-3001
tt0003002,carmencita-3002
tt0003003,carmencita-3003
tt0003004,carmencita-3004
tt0003005,carmencita-3005
tt0003006,carmencita-3006
tt0003007,carmencita-3007
tt0003008,carmencita-3008
tt0003009,carmencita-3009
tt0003010,carmencita-3010
tt0003011,carmencita-3011
tt0003012,carmencita-3012
tt0003013,carmencita-3013
tt0003014,carmencita-3014
tt0003015,carmencita-3015
tt0003016,carmencita-3016
tt0003017,carmencita-3017
tt0003018,carmencita-3018
tt0003019,carmencita-3019
tt0003020,carmencita-3020
tt0003021,carmencita-3021
tt0003022,carmencita-3022
tt0003023,carmencita-3023
tt0003024,carmencita-3024
tt0003025,carmencita-3025
tt0003026,carmencita-3026
tt0003027,carmencita-3027
tt0003028,carmencita-3028
tt0003029,carmencita-3029
tt0003030,carmencita-3030
tt0003031,carmencita-3031
tt0003032,carmencita-3032
tt0003033,carmencita-3033
tt0003034,carmencita-3034
tt0003035,carmencita-3035
tt0003036,carmencita-3036
tt0003037,carmencita-3037
tt0003038,carmencita-3038
tt0003039,carmencita-3039
tt0003040,carmencita-3040
tt0003041,carmencita-3041
tt0003042,carmencita-3042
tt0003043,carmencita-3043
tt0003044,carmencita-3044
tt0003045,carmencita-3045
tt0003046,carmencita-3046
tt0003047,carmencita-3047
tt0003048,carmencita-3048
tt0003049,carmencita-3049
tt0003050,carmencita-3050
tt0003051,carmencita-3051
tt0003052,carmencita-3052
tt0003053,carmencita-3053
tt0003054,carmencita-3054
tt0003055,carmencita-3055
tt0003056,carmencita-3056
tt0003057,carmencita-3057
tt0003058,carmencita-3058
tt0003059,carmencita-3059
tt0003060,carmencita-3060
tt0003061,carmencita-3061
tt0003062,carmencita-3062
tt0003063,carmencita-3063
tt0003064,carmencita-3064
tt0003065,carmencita-3065
tt0003066,carmencita-3066
tt0003067,carmencita-3067
tt0003068,carmencita-3068
tt0003069,carmencita-3069
tt0003070,carmencita-3070
tt0003071,carmencita-3071
tt0003072,carmencita-3072
tt0003073,carmencita-3073
tt0003074,carmencita-3074
tt0003075,carmencita-3075
tt0003076,carmencita-3076
tt0003077,carmencita-3077
tt0003078,carmencita-3078
tt0003079,carmencita-3079
tt0003080,carmencita-3080
tt0003081,carmencita-3081
tt0003082,carmencita-3082
tt0003083,carmencita-3083
tt0003084,carmencita-3084
tt0003085,carmencita-3085
tt0003086,carmencita-3086
tt0003087,carmencita-3087
tt0003088,carmencita-3088
tt0003089,carmencita-3089
tt0003090,carmencita-3090
tt0003091,carmencita-3091
tt0003092,carmencita-3092
tt0003093,carmencita-3093
tt0003094,carmencita-3094
tt0003095,carmencita-3095
tt0003096,carmencita-3096
tt0003097,carmencita-3097
tt0003098,carmencita-3098
tt0003099,carmencita-3099
tt0003100,carmencita-3100
tt0003101,carmencita-3101
tt0003102,carmencita-3102
tt0003103,carmencita-3103
tt0003104,carmencita-3104
tt0003105,carmencita-3105
tt0003106,carmencita-3106
tt0003107,carmencita-3107
tt0003108,carmencita-3108
tt0003109,carmencita-3109
tt0003110,carmencita-3110
tt0003111,carmencita-3111
tt0003112,carmencita-3112
tt0003113,carmencita-3113
tt0003114,carmencita-3114
tt0003115,carmencita-3115
tt0003116,carmencita-3116
tt0003117,carmencita-3117
tt0003118,carmencita-3118
tt0003119,carmencita-3119
tt0003120,carmencita-3120
tt0003121,carmencita-3121
tt0003122,carmencita-3122
tt0003123,carmencita-3123
tt0003124,carmencita-3124
tt0003125,carmencita-3125
tt0003126,carmencita-3126
tt0003127,carmencita-3127
tt0003128,carmencita-3128
tt0003129,carmencita-3129
tt0003130,carmencita-3130
tt0003131,carmencita-3131
tt0003132,carmencita-3132
tt0003133,carmencita-3133
tt0003134,carmencita-3134
tt0003135,carmencita-3135
tt0003136,carmencita-3136
tt0003137,carmencita-3137
tt0003138,carmencita-3138
tt0003139,carmencita-3139
tt0003140,carmencita-3140
tt0003141,carmencita-3141
tt0003142,carmencita-3142
tt0003143,carmencita-3143
tt0003144,carmencita-3144
tt0003145,carmencita-3145
tt0003146,carmencita-3146
tt0003147,carmencita-3147
tt0003148,carmencita-3148
tt0003149,carmencita-3149
tt0003150,carmencita-3150
tt0003151,carmencita-3151
tt0003152,carmencita-3152
tt0003153,carmencita-3153
tt0003154,carmencita-3154
tt0003155,carmencita-3155
tt0003156,carmencita-3156
tt0003157,carmencita-3157
tt0003158,carmencita-3158
tt0003159,carmencita-3159
tt0003160,carmencita-3160
tt0003161,carmencita-3161
tt0003162,carmencita-3162
tt0003163,carmencita-3163
tt0003164,carmencita-3164
tt0003165,carmencita-3165
tt0003166,carmencita-3166
tt0003167,carmencita-3167
tt0003168,carmencita-3168
tt0003169,carmencita-3169
tt0003170,carmencita-3170
tt0003171,carmencita-3171
tt0003172,carmencita-3172
tt0003173,carmencita-3173
tt0003174,carmencita-3174
tt0003175,carmencita-3175
tt0003176,carmencita-3176
tt0003177,carmencita-3177
tt0003178,carmencita-3178
tt0003179,carmencita-3179
tt0003180,carmencita-3180
tt0003181,carmencita-3181
tt0003182,carmencita-3182
tt0003183,carmencita-3183
tt0003184,carmencita-3184
tt0003185,carmencita-3185
tt0003186,carmencita-3186
tt0003187,carmencita-3187
tt0003188,carmencita-3188
tt0003189,carmencita-3189
tt0003190,carmencita-3190
tt0003191,carmencita-3191
tt0003192,carmencita-3192
tt0003193,carmencita-3193
tt0003194,carmencita-3194
tt0003195,carmencita-3195
tt0003196,carmencita-3196
tt0003197,carmencita-3197
tt0003198,carmencita-3198
tt0003199,carmencita-3199
tt0003200,carmencita-3200
tt0003201,carmencita-3201
tt0003202,carmencita-3202
tt0003203,carmencita-3203
tt0003204,carmencita-3204
tt0003205,carmencita-3205
tt0003206,carmencita-3206
tt0003207,carmencita-3207
tt0003208,carmencita-3208
tt0003209,carmencita-3209
tt0003210,carmencita-3210
tt0003211,carmencita-3211
tt0003212,carmencita-3212
tt0003213,carmencita-3213
tt0003214,carmencita-3214
tt0003215,carmencita-3215
tt0003216,carmencita-3216
tt0003217,carmencita-3217
tt0003218,carmencita-3218
tt0003219,carmencita-3219
tt0003220,carmencita-3220
tt0003221,carmencita-3221
tt0003222,carmencita-3222
tt0003223,carmencita-3223
tt0003224,carmencita-3224
tt0003225,carmencita-3225
tt0003226,carmencita-3226
tt0003227,carmencita-3227
tt0003228,carmencita-3228
tt0003229,carmencita-3229
tt0003230,carmencita-3230
tt0003231,carmencita-3231
tt0003232,carmencita-3232
tt0003233,carmencita-3233
tt0003234,carmencita-3234
tt0003235,carmencita-3235
tt0003236,carmencita-3236
tt0003237,carmencita-3237
tt0003238,carmencita-3238
tt0003239,carmencita-3239
tt0003240,carmencita-3240
tt0003241,carmencita-3241
tt0003242,carmencita-3242
tt0003243,carmencita-3243
tt0003244,carmencita-3244
tt0003245,carmencita-3245
tt0003246,carmencita-3246
tt0003247,carmencita-3247
tt0003248,carmencita-3248
tt0003249,carmencita-3249
tt0003250,carmencita-3250
tt0003251,carmencita-3251
tt0003252,carmencita-3252
tt0003253,carmencita-3253
tt0003254,carmencita-3254
tt0003255,carmencita-3255
tt0003256,carmencita-3256
tt0003257,carmencita-3257
tt0003258,carmencita-3258
tt0003259,carmencita-3259
tt0003260,carmencita-3260
tt0003261,carmencita-3261
tt0003262,carmencita-3262
tt0003263,carmencita-3263
tt0003264,carmencita-3264
tt0003265,carmencita-3265
tt0003266,carmencita-3266
tt0003267,carmencita-3267
tt0003268,carmencita-3268
tt0003269,carmencita-3269
tt0003270,carmencita-3270
tt0003271,carmencita-3271
tt0003272,carmencita-3272
tt0003273,carmencita-3273
tt0003274,carmencita-3274
tt0003275,carmencita-3275
tt0003276,carmencita-3276
tt0003277,carmencita-3277
tt0003278,carmencita-3278
tt0003279,carmencita-3279
tt0003280,carmencita-3280
tt0003281,carmencita-3281
tt0003282,carmencita-3282
tt0003283,carmencita-3283
tt0003284,carmencita-3284
tt0003285,carmencita-3285
tt0003286,carmencita-3286
tt0003287,carmencita-3287
tt0003288,carmencita-3288
tt0003289,carmencita-3289
tt0003290,carmencita-3290
tt0003291,carmencita-3291
tt0003292,carmencita-3292
tt0003293,carmencita-3293
tt0003294,carmencita-3294
tt0003295,carmencita-3295
tt0003296,carmencita-3296
tt0003297,carmencita-3297
tt0003298,carmencita-3298
tt0003299,carmencita-3299
tt0003300,carmencita-3300
tt0003301,carmencita-3301
tt0003302,carmencita-3302
tt0003303,carmencita-3303
tt0003304,carmencita-3304
tt0003305,carmencita-3305
tt0003306,carmencita-3306
tt0003307,carmencita-3307
tt0003308,carmencita-3308
tt0003309,carmencita-3309
tt0003310,carmencita-3310
tt0003311,carmencita-3311
tt0003312,carmencita-3312
tt0003313,carmencita-3313
tt0003314,carmencita-3314
tt0003315,carmencita-3315
tt0003316,carmencita-3316
tt0003317,carmencita-3317
tt0003318,carmencita-3318
tt0003319,carmencita-3319
tt0003320,carmencita-3320
tt0003321,carmencita-3321
tt0003322,carmencita-3322
tt0003323,carmencita-3323
tt0003324,carmencita-3324
tt0003325,carmencita-3325
tt0003326,carmencita-3326
tt0003327,carmencita-3327
tt0003328,carmencita-3328
tt0003329,carmencita-3329
tt0003330,carmencita-3330
tt0003331,carmencita-3331
tt0003332,carmencita-3332
tt0003333,carmencita-3333
tt0003334,carmencita-3334
tt0003335,carmencita-3335
tt0003336,carmencita-3336
tt0003337,carmencita-3337
tt0003338,carmencita-3338
tt0003339,carmencita-3339
tt0003340,carmencita-3340
tt0003341,carmencita-3341
tt0003342,carmencita-3342
tt0003343,carmencita-3343
tt0003344,carmencita-3344
tt0003345,carmencita-3345
tt0003346,carmencita-3346
tt0003347,carmencita-3347
tt0003348,carmencita-3348
tt0003349,carmencita-3349
tt0003350,carmencita-3350
tt0003351,carmencita-3351
tt0003352,carmencita-3352
tt0003353,carmencita-3353
tt0003354,carmencita-3354
tt0003355,carmencita-3355
tt0003356,carmencita-3356
tt0003357,carmencita-3357
tt0003358,carmencita-3358
tt0003359,carmencita-3359
tt0003360,carmencita-3360
tt0003361,carmencita-3361
tt0003362,carmencita-3362
tt0003363,carmencita-3363
tt0003364,carmencita-3364
tt0003365,carmencita-3365
tt0003366,carmencita-3366
tt0003367,carmencita-3367
tt0003368,carmencita-3368
tt0003369,carmencita-3369
tt0003370,carmencita-3370
tt0003371,carmencita-3371
tt0003372,carmencita-3372
tt0003373,carmencita-3373
tt0003374,carmencita-3374
tt0003375,carmencita-3375
tt0003376,carmencita-3376
tt0003377,carmencita-3377
tt0003378,carmencita-3378
tt0003379,carmencita-3379
tt0003380,carmencita-3380
tt0003381,carmencita-3381
tt0003382,carmencita-3382
tt0003383,carmencita-3383
tt0003384,carmencita-3384
tt0003385,carmencita-3385
tt0003386,carmencita-3386
tt0003387,carmencita-3387
tt0003388,carmencita-3388
tt0003389,carmencita-3389
tt0003390,carmencita-3390
tt0003391,carmencita-3391
tt0003392,carmencita-3392
tt0003393,carmencita-3393
tt0003394,carmencita-3394
tt0003395,carmencita-3395
tt0003396,carmencita-3396
tt0003397,carmencita-3397
tt0003398,carmencita-3398
tt0003399,carmencita-3399
tt0003400,carmencita-3400
tt0003401,carmencita-3401
tt0003402,carmencita-3402
tt0003403,carmencita-3403
tt0003404,carmencita-3404
tt0003405,carmencita-3405
tt0003406,carmencita-3406
tt0003407,carmencita-3407
tt0003408,carmencita-3408
tt0003409,carmencita-3409
tt0003410,carmencita-3410
tt0003411,carmencita-3411
tt0003412,carmencita-3412
tt0003413,carmencita-3413
tt0003414,carmencita-3414
tt0003415,carmencita-3415
tt0003416,carmencita-3416
tt0003417,carmencita-3417
tt0003418,carmencita-3418
tt0003419,carmencita-3419
tt0003420,carmencita-3420
tt0003421,carmencita-3421
tt0003422,carmencita-3422
tt0003423,carmencita-3423
tt0003424,carmencita-3424
tt0003425,carmencita-3425
tt0003426,carmencita-3426
tt0003427,carmencita-3427
tt0003428,carmencita-3428
tt0003429,carmencita-3429
tt0003430,carmencita-3430
tt0003431,carmencita-3431
tt0003432,carmencita-3432
tt0003433,carmencita-3433
tt0003434,carmencita-3434
tt0003435,carmencita-3435
tt0003436,carmencita-3436
tt0003437,carmencita-3437
tt0003438,carmencita-3438
tt0003439,carmencita-3439
tt0003440,carmencita-3440
tt0003441,carmencita-3441
tt0003442,carmencita-3442
tt0003443,carmencita-3443
tt0003444,carmencita-3444
tt0003445,carmencita-3445
tt0003446,carmencita-3446
tt0003447,carmencita-3447
tt0003448,carmencita-3448
tt0003449,carmencita-3449
tt0003450,carmencita-3450
tt0003451,carmencita-3451
tt0003452,carmencita-3452
tt0003453,carmencita-3453
tt0003454,carmencita-3454
tt0003455,carmencita-3455
tt0003456,carmencita-3456
tt0003457,carmencita-3457
tt0003458,carmencita-3458
tt0003459,carmencita-3459
tt0003460,carmencita-3460
tt0003461,carmencita-3461
tt0003462,carmencita-3462
tt0003463,carmencita-3463
tt0003464,carmencita-3464
tt0003465,carmencita-3465
tt0003466,carmencita-3466
tt0003467,carmencita-3467
tt0003468,carmencita-3468
tt0003469,carmencita-3469
tt0003470,carmencita-3470
tt0003471,carmencita-3471
tt0003472,carmencita-3472
tt0003473,carmencita-3473
tt0003474,carmencita-3474
tt0003475,carmencita-3475
tt0003476,carmencita-3476
tt0003477,carmencita-3477
tt0003478,carmencita-3478
tt0003479,carmencita-3479
tt0003480,carmencita-3480
tt0003481,carmencita-3481
tt0003482,carmencita-3482
tt0003483,carmencita-3483
tt0003484,carmencita-3484
tt0003485,carmencita-3485
tt0003486,carmencita-3486
tt0003487,carmencita-3487
tt0003488,carmencita-3488
tt0003489,carmencita-3489
tt0003490,carmencita-3490
tt0003491,carmencita-3491
tt0003492,carmencita-3492
tt0003493,carmencita-3493
tt0003494,carmencita-3494
tt0003495,carmencita-3495
tt0003496,carmencita-3496
tt0003497,carmencita-3497
tt0003498,carmencita-3498
tt0003499,carmencita-3499
tt0003500,carmencita-3500
tt0003501,carmencita-3501
tt0003502,carmencita-3502
tt0003503,carmencita-3503
tt0003504,carmencita-3504
tt0003505,carmencita-3505
tt0003506,carmencita-3506
tt0003507,carmencita-3507
tt0003508,carmencita-3508
tt0003509,carmencita-3509
tt0003510,carmencita-3510
tt0003511,carmencita-3511
tt0003512,carmencita-3512
tt0003513,carmencita-3513
tt0003514,carmencita-3514
tt0003515,carmencita-3515
tt0003516,carmencita-3516
tt0003517,carmencita-3517
tt0003518,carmencita-3518
tt0003519,carmencita-3519
tt0003520,carmencita-3520
tt0003521,carmencita-3521
tt0003522,carmencita-3522
tt0003523,carmencita-3523
tt0003524,carmencita-3524
tt0003525,carmencita-3525
tt0003526,carmencita-3526
tt0003527,carmencita-3527
tt0003528,carmencita-3528
tt0003529,carmencita-3529
tt0003530,carmencita-3530
tt0003531,carmencita-3531
tt0003532,carmencita-3532
tt0003533,carmencita-3533
tt0003534,carmencita-3534
tt0003535,carmencita-3535
tt0003536,carmencita-3536
tt0003537,carmencita-3537
tt0003538,carmencita-3538
tt0003539,carmencita-3539
tt0003540,carmencita-3540
tt0003541,carmencita-3541
tt0003542,carmencita-3542
tt0003543,carmencita-3543
tt0003544,carmencita-3544
tt0003545,carmencita-3545
tt0003546,carmencita-3546
tt0003547,carmencita-3547
tt0003548,carmencita-3548
tt0003549,carmencita-3549
tt0003550,carmencita-3550
tt0003551,carmencita-3551
tt0003552,carmencita-3552
tt0003553,carmencita-3553
tt0003554,carmencita-3554
tt0003555,carmencita-3555
tt0003556,carmencita-3556
tt0003557,carmencita-3557
tt0003558,carmencita-3558
tt0003559,carmencita-3559
tt0003560,carmencita-3560
tt0003561,carmencita-3561
tt0003562,carmencita-3562
tt0003563,carmencita-3563
tt0003564,carmencita-3564
tt0003565,carmencita-3565
tt0003566,carmencita-3566
tt0003567,carmencita-3567
tt0003568,carmencita-3568
tt0003569,carmencita-3569
tt0003570,carmencita-3570
tt0003571,carmencita-3571
tt0003572,carmencita-3572
tt0003573,carmencita-3573
tt0003574,carmencita-3574
tt0003575,carmencita-3575
tt0003576,carmencita-3576
tt0003577,carmencita-3577
tt0003578,carmencita-3578
tt0003579,carmencita-3579
tt0003580,carmencita-3580
tt0003581,carmencita-3581
tt0003582,carmencita-3582
tt0003583,carmencita-3583
tt0003584,carmencita-3584
tt0003585,carmencita-3585
tt0003586,carmencita-3586
tt0003587,carmencita-3587
tt0003588,carmencita-3588
tt0003589,carmencita-3589
tt0003590,carmencita-3590
tt0003591,carmencita-3591
tt0003592,carmencita-3592
tt0003593,carmencita-3593
tt0003594,carmencita-3594
tt0003595,carmencita-3595
tt0003596,carmencita-3596
tt0003597,carmencita-3597
tt0003598,carmencita-3598
tt0003599,carmencita-3599
tt0003600,carmencita-3600
tt0003601,carmencita-3601
tt0003602,carmencita-3602
tt0003603,carmencita-3603
tt0003604,carmencita-3604
tt0003605,carmencita-3605
tt0003606,carmencita-3606
tt0003607,carmencita-3607
tt0003608,carmencita-3608
tt0003609,carmencita-3609
tt0003610,carmencita-3610
tt0003611,carmencita-3611
tt0003612,carmencita-3612
tt0003613,carmencita-3613
tt0003614,carmencita-3614
tt0003615,carmencita-3615
tt0003616,carmencita-3616
tt0003617,carmencita-3617
tt0003618,carmencita-3618
tt0003619,carmencita-3619
tt0003620,carmencita-3620
tt0003621,carmencita-3621
tt0003622,carmencita-3622
tt0003623,carmencita-3623
tt0003624,carmencita-3624
tt0003625,carmencita-3625
tt0003626,carmencita-3626
tt0003627,carmencita-3627
tt0003628,carmencita-3628
tt0003629,carmencita-3629
tt0003630,carmencita-3630
tt0003631,carmencita-3631
tt0003632,carmencita-3632
tt0003633,carmencita-3633
tt0003634,carmencita-3634
tt0003635,carmencita-3635
tt0003636,carmencita-3636
tt0003637,carmencita-3637
tt0003638,carmencita-3638
tt0003639,carmencita-3639
tt0003640,carmencita-3640
tt0003641,carmencita-3641
tt0003642,carmencita-3642
tt0003643,carmencita-3643
tt0003644,carmencita-3644
tt0003645,carmencita-3645
tt0003646,carmencita-3646
tt0003647,carmencita-3647
tt0003648,carmencita-3648
tt0003649,carmencita-3649
tt0003650,carmencita-3650
tt0003651,carmencita-3651
tt0003652,carmencita-3652
tt0003653,carmencita-3653
tt0003654,carmencita-3654
tt0003655,carmencita-3655
tt0003656,carmencita-3656
tt0003657,carmencita-3657
tt0003658,carmencita-3658
tt0003659,carmencita-3659
tt0003660,carmencita-3660
tt0003661,carmencita-3661
tt0003662,carmencita-3662
tt0003663,carmencita-3663
tt0003664,carmencita-3664
tt0003665,carmencita-3665
tt0003666,carmencita-3666
tt0003667,carmencita-3667
tt0003668,carmencita-3668
tt0003669,carmencita-3669
tt0003670,carmencita-3670
tt0003671,carmencita-3671
tt0003672,carmencita-3672
tt0003673,carmencita-3673
tt0003674,carmencita-3674
tt0003675,carmencita-3675
tt0003676,carmencita-3676
tt0003677,carmencita-3677
tt0003678,carmencita-3678
tt0003679,carmencita-3679
tt0003680,carmencita-3680
tt0003681,carmencita-3681
tt0003682,carmencita-3682
tt0003683,carmencita-3683
tt0003684,carmencita-3684
tt0003685,carmencita-3685
tt0003686,carmencita-3686
tt0003687,carmencita-3687
tt0003688,carmencita-3688
tt0003689,carmencita-3689
tt0003690,carmencita-3690
tt0003691,carmencita-3691
tt0003692,carmencita-3692
tt0003693,carmencita-3693
tt0003694,carmencita-3694
tt0003695,carmencita-3695
tt0003696,carmencita-3696
tt0003697,carmencita-3697
tt0003698,carmencita-3698
tt0003699,carmencita-3699
tt0003700,carmencita-3700
tt0003701,carmencita-3701
tt0003702,carmencita-3702
tt0003703,carmencita-3703
tt0003704,carmencita-3704
tt0003705,carmencita-3705
tt0003706,carmencita-3706
tt0003707,carmencita-3707
tt0003708,carmencita-3708
tt0003709,carmencita-3709
tt0003710,carmencita-3710
tt0003711,carmencita-3711
tt0003712,carmencita-3712
tt0003713,carmencita-3713
tt0003714,carmencita-3714
tt0003715,carmencita-3715
tt0003716,carmencita-3716
tt0003717,carmencita-3717
tt0003718,carmencita-3718
tt0003719,carmencita-3719
tt0003720,carmencita-3720
tt0003721,carmencita-3721
tt0003722,carmencita-3722
tt0003723,carmencita-3723
tt0003724,carmencita-3724
tt0003725,carmencita-3725
tt0003726,carmencita-3726
tt0003727,carmencita-3727
tt0003728,carmencita-3728
tt0003729,carmencita-3729
tt0003730,carmencita-3730
tt0003731,carmencita-3731
tt0003732,carmencita-3732
tt0003733,carmencita-3733
tt0003734,carmencita-3734
tt0003735,carmencita-3735
tt0003736,carmencita-3736
tt0003737,carmencita-3737
tt0003738,carmencita-3738
tt0003739,carmencita-3739
tt0003740,carmencita-3740
tt0003741,carmencita-3741
tt0003742,carmencita-3742
tt0003743,carmencita-3743
tt0003744,carmencita-3744
tt0003745,carmencita-3745
tt0003746,carmencita-3746
tt0003747,carmencita-3747
tt0003748,carmencita-3748
tt0003749,carmencita-3749
tt0003750,carmencita-3750
tt0003751,carmencita-3751
tt0003752,carmencita-3752
tt0003753,carmencita-3753
tt0003754,carmencita-3754
tt0003755,carmencita-3755
tt0003756,carmencita-3756
tt0003757,carmencita-3757
tt0003758,carmencita-3758
tt0003759,carmencita-3759
tt0003760,carmencita-3760
tt0003761,carmencita-3761
tt0003762,carmencita-3762
tt0003763,carmencita-3763
tt0003764,carmencita-3764
tt0003765,carmencita-3765
tt0003766,carmencita-3766
tt0003767,carmencita-3767
tt0003768,carmencita-3768
tt0003769,carmencita-3769
tt0003770,carmencita-3770
tt0003771,carmencita-3771
tt0003772,carmencita-3772
tt0003773,carmencita-3773
tt0003774,carmencita-3774
tt0003775,carmencita-3775
tt0003776,carmencita-3776
tt0003777,carmencita-3777
tt0003778,carmencita-3778
tt0003779,carmencita-3779
tt0003780,carmencita-3780
tt0003781,carmencita-3781
tt0003782,carmencita-3782
tt0003783,carmencita-3783
tt0003784,carmencita-3784
tt0003785,carmencita-3785
tt0003786,carmencita-3786
tt0003787,carmencita-3787
tt0003788,carmencita-3788
tt0003789,carmencita-3789
tt0003790,carmencita-3790
tt0003791,carmencita-3791
tt0003792,carmencita-3792
tt0003793,carmencita-3793
tt0003794,carmencita-3794
tt0003795,carmencita-3795
tt0003796,carmencita-3796
tt0003797,carmencita-3797
tt0003798,carmencita-3798
tt0003799,carmencita-3799
tt0003800,carmencita-3800
tt0003801,carmencita-3801
tt0003802,carmencita-3802
tt0003803,carmencita-3803
tt0003804,carmencita-3804
tt0003805,carmencita-3805
tt0003806,carmencita-3806
tt0003807,carmencita-3807
tt0003808,carmencita-3808
tt0003809,carmencita-3809
tt0003810,carmencita-3810
tt0003811,carmencita-3811
tt0003812,carmencita-3812
tt0003813,carmencita-3813
tt0003814,carmencita-3814
tt0003815,carmencita-3815
tt0003816,carmencita-3816
tt0003817,carmencita-3817
tt0003818,carmencita-3818
tt0003819,carmencita-3819
tt0003820,carmencita-3820
tt0003821,carmencita-3821
tt0003822,carmencita-3822
tt0003823,carmencita-3823
tt0003824,carmencita-3824
tt0003825,carmencita-3825
tt0003826,carmencita-3826
tt0003827,carmencita-3827
tt0003828,carmencita-3828
tt0003829,carmencita-3829
tt0003830,carmencita-3830
tt0003831,carmencita-3831
tt0003832,carmencita-3832
tt0003833,carmencita-3833
tt0003834,carmencita-3834
tt0003835,carmencita-3835
tt0003836,carmencita-3836
tt0003837,carmencita-3837
tt0003838,carmencita-3838
tt0003839,carmencita-3839
tt0003840,carmencita-3840
tt0003841,carmencita-3841
tt0003842,carmencita-3842
tt0003843,carmencita-3843
tt0003844,carmencita-3844
tt0003845,carmencita-3845
tt0003846,carmencita-3846
tt0003847,carmencita-3847
tt0003848,carmencita-3848
tt0003849,carmencita-3849
tt0003850,carmencita-3850
tt0003851,carmencita-3851
tt0003852,carmencita-3852
tt0003853,carmencita-3853
tt0003854,carmencita-3854
tt0003855,carmencita-3855
tt0003856,carmencita-3856
tt0003857,carmencita-3857
tt0003858,carmencita-3858
tt0003859,carmencita-3859
tt0003860,carmencita-3860
tt0003861,carmencita-3861
tt0003862,carmencita-3862
tt0003863,carmencita-3863
tt0003864,carmencita-3864
tt0003865,carmencita-3865
tt0003866,carmencita-3866
tt0003867,carmencita-3867
tt0003868,carmencita-3868
tt0003869,carmencita-3869
tt0003870,carmencita-3870
tt0003871,carmencita-3871
tt0003872,carmencita-3872
tt0003873,carmencita-3873
tt0003874,carmencita-3874
tt0003875,carmencita-3875
tt0003876,carmencita-3876
tt0003877,carmencita-3877
tt0003878,carmencita-3878
tt0003879,carmencita-3879
tt0003880,carmencita-3880
tt0003881,carmencita-3881
tt0003882,carmencita-3882
tt0003883,carmencita-3883
tt0003884,carmencita-3884
tt0003885,carmencita-3885
tt0003886,carmencita-3886
tt0003887,carmencita-3887
tt0003888,carmencita-3888
tt0003889,carmencita-3889
tt0003890,carmencita-3890
tt0003891,carmencita-3891
tt0003892,carmencita-3892
tt0003893,carmencita-3893
tt0003894,carmencita-3894
tt0003895,carmencita-3895
tt0003896,carmencita-3896
tt0003897,carmencita-3897
tt0003898,carmencita-3898
tt0003899,carmencita-3899
tt0003900,carmencita-3900
tt0003901,carmencita-3901
tt0003902,carmencita-3902
tt0003903,carmencita-3903
tt0003904,carmencita-3904
tt0003905,carmencita-3905
tt0003906,carmencita-3906
tt0003907,carmencita-3907
tt0003908,carmencita-3908
tt0003909,carmencita-3909
tt0003910,carmencita-3910
tt0003911,carmencita-3911
tt0003912,carmencita-3912
tt0003913,carmencita-3913
tt0003914,carmencita-3914
tt0003915,carmencita-3915
tt0003916,carmencita-3916
tt0003917,carmencita-3917
tt0003918,carmencita-3918
tt0003919,carmencita-3919
tt0003920,carmencita-3920
tt0003921,carmencita-3921
tt0003922,carmencita-3922
tt0003923,carmencita-3923
tt0003924,carmencita-3924
tt0003925,carmencita-3925
tt0003926,carmencita-3926
tt0003927,carmencita-3927
tt0003928,carmencita-3928
tt0003929,carmencita-3929
tt0003930,carmencita-3930
tt0003931,carmencita-3931
tt0003932,carmencita-3932
tt0003933,carmencita-3933
tt0003934,carmencita-3934
tt0003935,carmencita-3935
tt0003936,carmencita-3936
tt0003937,carmencita-3937
tt0003938,carmencita-3938
tt0003939,carmencita-3939
tt0003940,carmencita-3940
tt0003941,carmencita-3941
tt0003942,carmencita-3942
tt0003943,carmencita-3943
tt0003944,carmencita-3944
tt0003945,carmencita-3945
tt0003946,carmencita-3946
tt0003947,carmencita-3947
tt0003948,carmencita-3948
tt0003949,carmencita-3949
tt0003950,carmencita-3950
tt0003951,carmencita-3951
tt0003952,carmencita-3952
tt0003953,carmencita-3953
tt0003954,carmencita-3954
tt0003955,carmencita-3955
tt0003956,carmencita-3956
tt0003957,carmencita-3957
tt0003958,carmencita-3958
tt0003959,carmencita-3959
tt0003960,carmencita-3960
tt0003961,carmencita-3961
tt0003962,carmencita-3962
tt0003963,carmencita-3963
tt0003964,carmencita-3964
tt0003965,carmencita-3965
tt0003966,carmencita-3966
tt0003967,carmencita-3967
tt0003968,carmencita-3968
tt0003969,carmencita-3969
tt0003970,carmencita-3970
tt0003971,carmencita-3971
tt0003972,carmencita-3972
tt0003973,carmencita-3973
tt0003974,carmencita-3974
tt0003975,carmencita-3975
tt0003976,carmencita-3976
tt0003977,carmencita-3977
tt0003978,carmencita-3978
tt0003979,carmencita-3979
tt0003980,carmencita-3980
tt0003981,carmencita-3981
tt0003982,carmencita-3982
tt0003983,carmencita-3983
tt0003984,carmencita-3984
tt0003985,carmencita-3985
tt0003986,carmencita-3986
tt0003987,carmencita-3987
tt0003988,carmencita-3988
tt0003989,carmencita-3989
tt0003990,carmencita-3990
tt0003991,carmencita-3991
tt0003992,carmencita-3992
tt0003993,carmencita-3993
tt0003994,carmencita-3994
tt0003995,carmencita-3995
tt0003996,carmencita-3996
tt0003997,carmencita-3997
tt0003998,carmencita-3998
tt0003999,carmencita-3999
tt0004000,carmencita-4000
