movieId,personId,category
tt0000001,nm0000001,director
tt0000002,nm0000002,director
tt0000003,nm0000003,director
tt0000004,nm0000004,director
tt0000005,nm0000005,director
tt0000006,nm0000006,director
tt0000007,nm0000007,director
tt0000008,nm0000008,director
tt0000009,nm0000009,director
tt0000010,nm0000010,director
tt0000011,nm0000011,director
tt0000012,nm0000012,director
tt0000013,nm0000013,director
tt0000014,nm0000014,director
tt0000015,nm0000015,director
tt0000016,nm0000016,director
tt0000017,nm0000017,director
tt0000018,nm0000018,director
tt0000019,nm0000019,director
tt0000020,nm0000020,director
tt0000021,nm0000021,director
tt0000022,nm0000022,director
tt0000023,nm0000023,director
tt0000024,nm0000024,director
tt0000025,nm0000025,director
tt0000026,nm0000026,director
tt0000027,nm0000027,director
tt0000028,nm0000028,director
tt0000029,nm0000029,director
tt0000030,nm0000030,director
tt0000031,nm0000031,director
tt0000032,nm0000032,director
tt0000033,nm0000033,director
tt0000034,nm0000034,director
tt0000035,nm0000035,director
tt0000036,nm0000036,director
tt0000037,nm0000037,director
tt0000038,nm0000038,director
tt0000039,nm0000039,director
tt0000040,nm0000040,director
tt0000041,nm0000041,director
tt0000042,nm0000042,director
tt0000043,nm0000043,director
tt0000044,nm0000044,director
tt0000045,nm0000045,director
tt0000046,nm0000046,director
tt0000047,nm0000047,director
tt0000048,nm0000048,director
tt0000049,nm0000049,director
tt0000050,nm0000050,director
tt0000051,nm0000051,director
tt0000052,nm0000052,director
tt0000053,nm0000053,director
tt0000054,nm0000054,director
tt0000055,nm0000055,director
tt0000056,nm0000056,director
tt0000057,nm0000057,director
tt0000058,nm0000058,director
tt0000059,nm0000059,director
tt0000060,nm0000060,director
tt0000061,nm0000061,director
tt0000062,nm0000062,director
tt0000063,nm0000063,director
tt0000064,nm0000064,director
tt0000065,nm0000065,director
tt0000066,nm0000066,director
tt0000067,nm0000067,director
tt0000068,nm0000068,director
tt0000069,nm0000069,director
tt0000070,nm0000070,director
tt0000071,nm0000071,director
tt0000072,nm0000072,director
tt0000073,nm0000073,director
tt0000074,nm0000074,director
tt0000075,nm0000075,director
tt0000076,nm0000076,director
tt0000077,nm0000077,director
tt0000078,nm0000078,director
tt0000079,nm0000079,director
tt0000080,nm0000080,director
tt0000081,nm0000081,director
tt0000082,nm0000082,director
tt0000083,nm0000083,director
tt0000084,nm0000084,director
tt0000085,nm0000085,director
tt0000086,nm0000086,director
tt0000087,nm0000087,director
tt0000088,nm0000088,director
tt0000089,nm0000089,director
tt0000090,nm0000090,director
tt0000091,nm0000091,director
tt0000092,nm0000092,director
tt0000093,nm0000093,director
tt0000094,nm0000094,director
tt0000095,nm0000095,director
tt0000096,nm0000096,director
tt0000097,nm0000097,director
tt0000098,nm0000098,director
tt0000099,nm0000099,director
tt0000100,nm0000100,director
tt0000101,nm0000101,director
tt0000102,nm0000102,director
tt0000103,nm0000103,director
tt0000104,nm0000104,director
tt0000105,nm0000105,director
tt0000106,nm0000106,director
tt0000107,nm0000107,director
tt0000108,nm0000108,director
tt0000109,nm0000109,director
tt0000110,nm0000110,director
tt0000111,nm0000111,director
tt0000112,nm0000112,director
tt0000113,nm0000113,director
tt0000114,nm0000114,director
tt0000115,nm0000115,director
tt0000116,nm0000116,director
tt0000117,nm0000117,director
tt0000118,nm0000118,director
tt0000119,nm0000119,director
tt0000120,nm0000120,director
tt0000121,nm0000121,director
tt0000122,nm0000122,director
tt0000123,nm0000123,director
tt0000124,nm0000124,director
tt0000125,nm0000125,director
tt0000126,nm0000126,director
tt0000127,nm0000127,director
tt0000128,nm0000128,director
tt0000129,nm0000129,director
tt0000130,nm0000130,director
tt0000131,nm0000131,director
tt0000132,nm0000132,director
tt0000133,nm0000133,director
tt0000134,nm0000134,director
tt0000135,nm0000135,director
tt0000136,nm0000136,director
tt0000137,nm0000137,director
tt0000138,nm0000138,director
tt0000139,nm0000139,director
tt0000140,nm0000140,director
tt0000141,nm0000141,director
tt0000142,nm0000142,director
tt0000143,nm0000143,director
tt0000144,nm0000144,director
tt0000145,nm0000145,director
tt0000146,nm0000146,director
tt0000147,nm0000147,director
tt0000148,nm0000148,director
tt0000149,nm0000149,director
tt0000150,nm0000150,director
tt0000151,nm0000151,director
tt0000152,nm0000152,director
tt0000153,nm0000153,director
tt0000154,nm0000154,director
tt0000155,nm0000155,director
tt0000156,nm0000156,director
tt0000157,nm0000157,director
tt0000158,nm0000158,director
tt0000159,nm0000159,director
tt0000160,nm0000160,director
tt0000161,nm0000161,director
tt0000162,nm0000162,director
tt0000163,nm0000163,director
tt0000164,nm0000164,director
tt0000165,nm0000165,director
tt0000166,nm0000166,director
tt0000167,nm0000167,director
tt0000168,nm0000168,director
tt0000169,nm0000169,director
tt0000170,nm0000170,director
tt0000171,nm0000171,director
tt0000172,nm0000172,director
tt0000173,nm0000173,director
tt0000174,nm0000174,director
tt0000175,nm0000175,director
tt0000176,nm0000176,director
tt0000177,nm0000177,director
tt0000178,nm0000178,director
tt0000179,nm0000179,director
tt0000180,nm0000180,director
tt0000181,nm0000181,director
tt0000182,nm0000182,director
tt0000183,nm0000183,director
tt0000184,nm0000184,director
tt0000185,nm0000185,director
tt0000186,nm0000186,director
tt0000187,nm0000187,director
tt0000188,nm0000188,director
tt0000189,nm0000189,director
tt0000190,nm0000190,director
tt0000191,nm0000191,director
tt0000192,nm0000192,director
tt0000193,nm0000193,director
tt0000194,nm0000194,director
tt0000195,nm0000195,director
tt0000196,nm0000196,director
tt0000197,nm0000197,director
tt0000198,nm0000198,director
tt0000199,nm0000199,director
tt0000200,nm0000200,director
tt0000201,nm0000201,director
tt0000202,nm0000202,director
tt0000203,nm0000203,director
tt0000204,nm0000204,director
tt0000205,nm0000205,director
tt0000206,nm0000206,director
tt0000207,nm0000207,director
tt0000208,nm0000208,director
tt0000209,nm0000209,director
tt0000210,nm0000210,director
tt0000211,nm0000211,director
tt0000212,nm0000212,director
tt0000213,nm0000213,director
tt0000214,nm0000214,director
tt0000215,nm0000215,director
tt0000216,nm0000216,director
tt0000217,nm0000217,director
tt0000218,nm0000218,director
tt0000219,nm0000219,director
tt0000220,nm0000220,director
tt0000221,nm0000221,director
tt0000222,nm0000222,director
tt0000223,nm0000223,director
tt0000224,nm0000224,director
tt0000225,nm0000225,director
tt0000226,nm0000226,director
tt0000227,nm0000227,director
tt0000228,nm0000228,director
tt0000229,nm0000229,director
tt0000230,nm0000230,director
tt0000231,nm0000231,director
tt0000232,nm0000232,director
tt0000233,nm0000233,director
tt0000234,nm0000234,director
tt0000235,nm0000235,director
tt0000236,nm0000236,director
tt0000237,nm0000237,director
tt0000238,nm0000238,director
tt0000239,nm0000239,director
tt0000240,nm0000240,director
tt0000241,nm0000241,director
tt0000242,nm0000242,director
tt0000243,nm0000243,director
tt0000244,nm0000244,director
tt0000245,nm0000245,director
tt0000246,nm0000246,director
tt0000247,nm0000247,director
tt0000248,nm0000248,director
tt0000249,nm0000249,director
tt0000250,nm0000250,director
tt0000251,nm0000251,director
tt0000252,nm0000252,director
tt0000253,nm0000253,director
tt0000254,nm0000254,director
tt0000255,nm0000255,director
tt0000256,nm0000256,director
tt0000257,nm0000257,director
tt0000258,nm0000258,director
tt0000259,nm0000259,director
tt0000260,nm0000260,director
tt0000261,nm0000261,director
tt0000262,nm0000262,director
tt0000263,nm0000263,director
tt0000264,nm0000264,director
tt0000265,nm0000265,director
tt0000266,nm0000266,director
tt0000267,nm0000267,director
tt0000268,nm0000268,director
tt0000269,nm0000269,director
tt0000270,nm0000270,director
tt0000271,nm0000271,director
tt0000272,nm0000272,director
tt0000273,nm0000273,director
tt0000274,nm0000274,director
tt0000275,nm0000275,director
tt0000276,nm0000276,director
tt0000277,nm0000277,director
tt0000278,nm0000278,director
tt0000279,nm0000279,director
tt0000280,nm0000280,director
tt0000281,nm0000281,director
tt0000282,nm0000282,director
tt0000283,nm0000283,director
tt0000284,nm0000284,director
tt0000285,nm0000285,director
tt0000286,nm0000286,director
tt0000287,nm0000287,director
tt0000288,nm0000288,director
tt0000289,nm0000289,director
tt0000290,nm0000290,director
tt0000291,nm0000291,director
tt0000292,nm0000292,director
tt0000293,nm0000293,director
tt0000294,nm0000294,director
tt0000295,nm0000295,director
tt0000296,nm0000296,director
tt0000297,nm0000297,director
tt0000298,nm0000298,director
tt0000299,nm0000299,director
tt0000300,nm0000300,director
tt0000301,nm0000301,director
tt0000302,nm0000302,director
tt0000303,nm0000303,director
tt0000304,nm0000304,director
tt0000305,nm0000305,director
tt0000306,nm0000306,director
tt0000307,nm0000307,director
tt0000308,nm0000308,director
tt0000309,nm0000309,director
tt0000310,nm0000310,director
tt0000311,nm0000311,director
tt0000312,nm0000312,director
tt0000313,nm0000313,director
tt0000314,nm0000314,director
tt0000315,nm0000315,director
tt0000316,nm0000316,director
tt0000317,nm0000317,director
tt0000318,nm0000318,director
tt0000319,nm0000319,director
tt0000320,nm0000320,director
tt0000321,nm0000321,director
tt0000322,nm0000322,director
tt0000323,nm0000323,director
tt0000324,nm0000324,director
tt0000325,nm0000325,director
tt0000326,nm0000326,director
tt0000327,nm0000327,director
tt0000328,nm0000328,director
tt0000329,nm0000329,director
tt0000330,nm0000330,director
tt0000331,nm0000331,director
tt0000332,nm0000332,director
tt0000333,nm0000333,director
tt0000334,nm0000334,director
tt0000335,nm0000335,director
tt0000336,nm0000336,director
tt0000337,nm0000337,director
tt0000338,nm0000338,director
tt0000339,nm0000339,director
tt0000340,nm0000340,director
tt0000341,nm0000341,director
tt0000342,nm0000342,director
tt0000343,nm0000343,director
tt0000344,nm0000344,director
tt0000345,nm0000345,director
tt0000346,nm0000346,director
tt0000347,nm0000347,director
tt0000348,nm0000348,director
tt0000349,nm0000349,director
tt0000350,nm0000350,director
tt0000351,nm0000351,director
tt0000352,nm0000352,director
tt0000353,nm0000353,director
tt0000354,nm0000354,director
tt0000355,nm0000355,director
tt0000356,nm0000356,director
tt0000357,nm0000357,director
tt0000358,nm0000358,director
tt0000359,nm0000359,director
tt0000360,nm0000360,director
tt0000361,nm0000361,director
tt0000362,nm0000362,director
tt0000363,nm0000363,director
tt0000364,nm0000364,director
tt0000365,nm0000365,director
tt0000366,nm0000366,director
tt0000367,nm0000367,director
tt0000368,nm0000368,director
tt0000369,nm0000369,director
tt0000370,nm0000370,director
tt0000371,nm0000371,director
tt0000372,nm0000372,director
tt0000373,nm0000373,director
tt0000374,nm0000374,director
tt0000375,nm0000375,director
tt0000376,nm0000376,director
tt0000377,nm0000377,director
tt0000378,nm0000378,director
tt0000379,nm0000379,director
tt0000380,nm0000380,director
tt0000381,nm0000381,director
tt0000382,nm0000382,director
tt0000383,nm0000383,director
tt0000384,nm0000384,director
tt0000385,nm0000385,director
tt0000386,nm0000386,director
tt0000387,nm0000387,director
tt0000388,nm0000388,director
tt0000389,nm0000389,director
tt0000390,nm0000390,director
tt0000391,nm0000391,director
tt0000392,nm0000392,director
tt0000393,nm0000393,director
tt0000394,nm0000394,director
tt0000395,nm0000395,director
tt0000396,nm0000396,director
tt0000397,nm0000397,director
tt0000398,nm0000398,director
tt0000399,nm0000399,director
tt0000400,nm0000400,director
tt0000401,nm0000401,director
tt0000402,nm0000402,director
tt0000403,nm0000403,director
tt0000404,nm0000404,director
tt0000405,nm0000405,director
tt0000406,nm0000406,director
tt0000407,nm0000407,director
tt0000408,nm0000408,director
tt0000409,nm0000409,director
tt0000410,nm0000410,director
tt0000411,nm0000411,director
tt0000412,nm0000412,director
tt0000413,nm0000413,director
tt0000414,nm0000414,director
tt0000415,nm0000415,director
tt0000416,nm0000416,director
tt0000417,nm0000417,director
tt0000418,nm0000418,director
tt0000419,nm0000419,director
tt0000420,nm0000420,director
tt0000421,nm0000421,director
tt0000422,nm0000422,director
tt0000423,nm0000423,director
tt0000424,nm0000424,director
tt0000425,nm0000425,director
tt0000426,nm0000426,director
tt0000427,nm0000427,director
tt0000428,nm0000428,director
tt0000429,nm0000429,director
tt0000430,nm0000430,director
tt0000431,nm0000431,director
tt0000432,nm0000432,director
tt0000433,nm0000433,director
tt0000434,nm0000434,director
tt0000435,nm0000435,director
tt0000436,nm0000436,director
tt0000437,nm0000437,director
tt0000438,nm0000438,director
tt0000439,nm0000439,director
tt0000440,nm0000440,director
tt0000441,nm0000441,director
tt0000442,nm0000442,director
tt0000443,nm0000443,director
tt0000444,nm0000444,director
tt0000445,nm0000445,director
tt0000446,nm0000446,director
tt0000447,nm0000447,director
tt0000448,nm0000448,director
tt0000449,nm0000449,director
tt0000450,nm0000450,director
tt0000451,nm0000451,director
tt0000452,nm0000452,director
tt0000453,nm0000453,director
tt0000454,nm0000454,director
tt0000455,nm0000455,director
tt0000456,nm0000456,director
tt0000457,nm0000457,director
tt0000458,nm0000458,director
tt0000459,nm0000459,director
tt0000460,nm0000460,director
tt0000461,nm0000461,director
tt0000462,nm0000462,director
tt0000463,nm0000463,director
tt0000464,nm0000464,director
tt0000465,nm0000465,director
tt0000466,nm0000466,director
tt0000467,nm0000467,director
tt0000468,nm0000468,director
tt0000469,nm0000469,director
tt0000470,nm0000470,director
tt0000471,nm0000471,director
tt0000472,nm0000472,director
tt0000473,nm0000473,director
tt0000474,nm0000474,director
tt0000475,nm0000475,director
tt0000476,nm0000476,director
tt0000477,nm0000477,director
tt0000478,nm0000478,director
tt0000479,nm0000479,director
tt0000480,nm0000480,director
tt0000481,nm0000481,director
tt0000482,nm0000482,director
tt0000483,nm0000483,director
tt0000484,nm0000484,director
tt0000485,nm0000485,director
tt0000486,nm0000486,director
tt0000487,nm0000487,director
tt0000488,nm0000488,director
tt0000489,nm0000489,director
tt0000490,nm0000490,director
tt0000491,nm0000491,director
tt0000492,nm0000492,director
tt0000493,nm0000493,director
tt0000494,nm0000494,director
tt0000495,nm0000495,director
tt0000496,nm0000496,director
tt0000497,nm0000497,director
tt0000498,nm0000498,director
tt0000499,nm0000499,director
tt0000500,nm0000500,director
tt0000501,nm0000501,director
tt0000502,nm0000502,director
tt0000503,nm0000503,director
tt0000504,nm0000504,director
tt0000505,nm0000505,director
tt0000506,nm0000506,director
tt0000507,nm0000507,director
tt0000508,nm0000508,director
tt0000509,nm0000509,director
tt0000510,nm0000510,director
tt0000511,nm0000511,director
tt0000512,nm0000512,director
tt0000513,nm0000513,director
tt0000514,nm0000514,director
tt0000515,nm0000515,director
tt0000516,nm0000516,director
tt0000517,nm0000517,director
tt0000518,nm0000518,director
tt0000519,nm0000519,director
tt0000520,nm0000520,director
tt0000521,nm0000521,director
tt0000522,nm0000522,director
tt0000523,nm0000523,director
tt0000524,nm0000524,director
tt0000525,nm0000525,director
tt0000526,nm0000526,director
tt0000527,nm0000527,director
tt0000528,nm0000528,director
tt0000529,nm0000529,director
tt0000530,nm0000530,director
tt0000531,nm0000531,director
tt0000532,nm0000532,director
tt0000533,nm0000533,director
tt0000534,nm0000534,director
tt0000535,nm0000535,director
tt0000536,nm0000536,director
tt0000537,nm0000537,director
tt0000538,nm0000538,director
tt0000539,nm0000539,director
tt0000540,nm0000540,director
tt0000541,nm0000541,director
tt0000542,nm0000542,director
tt0000543,nm0000543,director
tt0000544,nm0000544,director
tt0000545,nm0000545,director
tt0000546,nm0000546,director
tt0000547,nm0000547,director
tt0000548,nm0000548,director
tt0000549,nm0000549,director
tt0000550,nm0000550,director
tt0000551,nm0000551,director
tt0000552,nm0000552,director
tt0000553,nm0000553,director
tt0000554,nm0000554,director
tt0000555,nm0000555,director
tt0000556,nm0000556,director
tt0000557,nm0000557,director
tt0000558,nm0000558,director
tt0000559,nm0000559,director
tt0000560,nm0000560,director
tt0000561,nm0000561,director
tt0000562,nm0000562,director
tt0000563,nm0000563,director
tt0000564,nm0000564,director
tt0000565,nm0000565,director
tt0000566,nm0000566,director
tt0000567,nm0000567,director
tt0000568,nm0000568,director
tt0000569,nm0000569,director
tt0000570,nm0000570,director
tt0000571,nm0000571,director
tt0000572,nm0000572,director
tt0000573,nm0000573,director
tt0000574,nm0000574,director
tt0000575,nm0000575,director
tt0000576,nm0000576,director
tt0000577,nm0000577,director
tt0000578,nm0000578,director
tt0000579,nm0000579,director
tt0000580,nm0000580,director
tt0000581,nm0000581,director
tt0000582,nm0000582,director
tt0000583,nm0000583,director
tt0000584,nm0000584,director
tt0000585,nm0000585,director
tt0000586,nm0000586,director
tt0000587,nm0000587,director
tt0000588,nm0000588,director
tt0000589,nm0000589,director
tt0000590,nm0000590,director
tt0000591,nm0000591,director
tt0000592,nm0000592,director
tt0000593,nm0000593,director
tt0000594,nm0000594,director
tt0000595,nm0000595,director
tt0000596,nm0000596,director
tt0000597,nm0000597,director
tt0000598,nm0000598,director
tt0000599,nm0000599,director
tt0000600,nm0000600,director
tt0000601,nm0000601,director
tt0000602,nm0000602,director
tt0000603,nm0000603,director
tt0000604,nm0000604,director
tt0000605,nm0000605,director
tt0000606,nm0000606,director
tt0000607,nm0000607,director
tt0000608,nm0000608,director
tt0000609,nm0000609,director
tt0000610,nm0000610,director
tt0000611,nm0000611,director
tt0000612,nm0000612,director
tt0000613,nm0000613,director
tt0000614,nm0000614,director
tt0000615,nm0000615,director
tt0000616,nm0000616,director
tt0000617,nm0000617,director
tt0000618,nm0000618,director
tt0000619,nm0000619,director
tt0000620,nm0000620,director
tt0000621,nm0000621,director
tt0000622,nm0000622,director
tt0000623,nm0000623,director
tt0000624,nm0000624,director
tt0000625,nm0000625,director
tt0000626,nm0000626,director
tt0000627,nm0000627,director
tt0000628,nm0000628,director
tt0000629,nm0000629,director
tt0000630,nm0000630,director
tt0000631,nm0000631,director
tt0000632,nm0000632,director
tt0000633,nm0000633,director
tt0000634,nm0000634,director
tt0000635,nm0000635,director
tt0000636,nm0000636,director
tt0000637,nm0000637,director
tt0000638,nm0000638,director
tt0000639,nm0000639,director
tt0000640,nm0000640,director
tt0000641,nm0000641,director
tt0000642,nm0000642,director
tt0000643,nm0000643,director
tt0000644,nm0000644,director
tt0000645,nm0000645,director
tt0000646,nm0000646,director
tt0000647,nm0000647,director
tt0000648,nm0000648,director
tt0000649,nm0000649,director
tt0000650,nm0000650,director
tt0000651,nm0000651,director
tt0000652,nm0000652,director
tt0000653,nm0000653,director
tt0000654,nm0000654,director
tt0000655,nm0000655,director
tt0000656,nm0000656,director
tt0000657,nm0000657,director
tt0000658,nm0000658,director
tt0000659,nm0000659,director
tt0000660,nm0000660,director
tt0000661,nm0000661,director
tt0000662,nm0000662,director
tt0000663,nm0000663,director
tt0000664,nm0000664,director
tt0000665,nm0000665,director
tt0000666,nm0000666,director
tt0000667,nm0000667,director
tt0000668,nm0000668,director
tt0000669,nm0000669,director
tt0000670,nm0000670,director
tt0000671,nm0000671,director
tt0000672,nm0000672,director
tt0000673,nm0000673,director
tt0000674,nm0000674,director
tt0000675,nm0000675,director
tt0000676,nm0000676,director
tt0000677,nm0000677,director
tt0000678,nm0000678,director
tt0000679,nm0000679,director
tt0000680,nm0000680,director
tt0000681,nm0000681,director
tt0000682,nm0000682,director
tt0000683,nm0000683,director
tt0000684,nm0000684,director
tt0000685,nm0000685,director
tt0000686,nm0000686,director
tt0000687,nm0000687,director
tt0000688,nm0000688,director
tt0000689,nm0000689,director
tt0000690,nm0000690,director
tt0000691,nm0000691,director
tt0000692,nm0000692,director
tt0000693,nm0000693,director
tt0000694,nm0000694,director
tt0000695,nm0000695,director
tt0000696,nm0000696,director
tt0000697,nm0000697,director
tt0000698,nm0000698,director
tt0000699,nm0000699,director
tt0000700,nm0000700,director
tt0000701,nm0000701,director
tt0000702,nm0000702,director
tt0000703,nm0000703,director
tt0000704,nm0000704,director
tt0000705,nm0000705,director
tt0000706,nm0000706,director
tt0000707,nm0000707,director
tt0000708,nm0000708,director
tt0000709,nm0000709,director
tt0000710,nm0000710,director
tt0000711,nm0000711,director
tt0000712,nm0000712,director
tt0000713,nm0000713,director
tt0000714,nm0000714,director
tt0000715,nm0000715,director
tt0000716,nm0000716,director
tt0000717,nm0000717,director
tt0000718,nm0000718,director
tt0000719,nm0000719,director
tt0000720,nm0000720,director
tt0000721,nm0000721,director
tt0000722,nm0000722,director
tt0000723,nm0000723,director
tt0000724,nm0000724,director
tt0000725,nm0000725,director
tt0000726,nm0000726,director
tt0000727,nm0000727,director
tt0000728,nm0000728,director
tt0000729,nm0000729,director
tt0000730,nm0000730,director
tt0000731,nm0000731,director
tt0000732,nm0000732,director
tt0000733,nm0000733,director
tt0000734,nm0000734,director
tt0000735,nm0000735,director
tt0000736,nm0000736,director
tt0000737,nm0000737,director
tt0000738,nm0000738,director
tt0000739,nm0000739,director
tt0000740,nm0000740,director
tt0000741,nm0000741,director
tt0000742,nm0000742,director
tt0000743,nm0000743,director
tt0000744,nm0000744,director
tt0000745,nm0000745,director
tt0000746,nm0000746,director
tt0000747,nm0000747,director
tt0000748,nm0000748,director
tt0000749,nm0000749,director
tt0000750,nm0000750,director
tt0000751,nm0000751,director
tt0000752,nm0000752,director
tt0000753,nm0000753,director
tt0000754,nm0000754,director
tt0000755,nm0000755,director
tt0000756,nm0000756,director
tt0000757,nm0000757,director
tt0000758,nm0000758,director
tt0000759,nm0000759,director
tt0000760,nm0000760,director
tt0000761,nm0000761,director
tt0000762,nm0000762,director
tt0000763,nm0000763,director
tt0000764,nm0000764,director
tt0000765,nm0000765,director
tt0000766,nm0000766,director
tt0000767,nm0000767,director
tt0000768,nm0000768,director
tt0000769,nm0000769,director
tt0000770,nm0000770,director
tt0000771,nm0000771,director
tt0000772,nm0000772,director
tt0000773,nm0000773,director
tt0000774,nm0000774,director
tt0000775,nm0000775,director
tt0000776,nm0000776,director
tt0000777,nm0000777,director
tt0000778,nm0000778,director
tt0000779,nm0000779,director
tt0000780,nm0000780,director
tt0000781,nm0000781,director
tt0000782,nm0000782,director
tt0000783,nm0000783,director
tt0000784,nm0000784,director
tt0000785,nm0000785,director
tt0000786,nm0000786,director
tt0000787,nm0000787,director
tt0000788,nm0000788,director
tt0000789,nm0000789,director
tt0000790,nm0000790,director
tt0000791,nm0000791,director
tt0000792,nm0000792,director
tt0000793,nm0000793,director
tt0000794,nm0000794,director
tt0000795,nm0000795,director
tt0000796,nm0000796,director
tt0000797,nm0000797,director
tt0000798,nm0000798,director
tt0000799,nm0000799,director
tt0000800,nm0000800,director
tt0000801,nm0000801,director
tt0000802,nm0000802,director
tt0000803,nm0000803,director
tt0000804,nm0000804,director
tt0000805,nm0000805,director
tt0000806,nm0000806,director
tt0000807,nm0000807,director
tt0000808,nm0000808,director
tt0000809,nm0000809,director
tt0000810,nm0000810,director
tt0000811,nm0000811,director
tt0000812,nm0000812,director
tt0000813,nm0000813,director
tt0000814,nm0000814,director
tt0000815,nm0000815,director
tt0000816,nm0000816,director
tt0000817,nm0000817,director
tt0000818,nm0000818,director
tt0000819,nm0000819,director
tt0000820,nm0000820,director
tt0000821,nm0000821,director
tt0000822,nm0000822,director
tt0000823,nm0000823,director
tt0000824,nm0000824,director
tt0000825,nm0000825,director
tt0000826,nm0000826,director
tt0000827,nm0000827,director
tt0000828,nm0000828,director
tt0000829,nm0000829,director
tt0000830,nm0000830,director
tt0000831,nm0000831,director
tt0000832,nm0000832,director
tt0000833,nm0000833,director
tt0000834,nm0000834,director
tt0000835,nm0000835,director
tt0000836,nm0000836,director
tt0000837,nm0000837,director
tt0000838,nm0000838,director
tt0000839,nm0000839,director
tt0000840,nm0000840,director
tt0000841,nm0000841,director
tt0000842,nm0000842,director
tt0000843,nm0000843,director
tt0000844,nm0000844,director
tt0000845,nm0000845,director
tt0000846,nm0000846,director
tt0000847,nm0000847,director
tt0000848,nm0000848,director
tt0000849,nm0000849,director
tt0000850,nm0000850,director
tt0000851,nm0000851,director
tt0000852,nm0000852,director
tt0000853,nm0000853,director
tt0000854,nm0000854,director
tt0000855,nm0000855,director
tt0000856,nm0000856,director
tt0000857,nm0000857,director
tt0000858,nm0000858,director
tt0000859,nm0000859,director
tt0000860,nm0000860,director
tt0000861,nm0000861,director
tt0000862,nm0000862,director
tt0000863,nm0000863,director
tt0000864,nm0000864,director
tt0000865,nm0000865,director
tt0000866,nm0000866,director
tt0000867,nm0000867,director
tt0000868,nm0000868,director
tt0000869,nm0000869,director
tt0000870,nm0000870,director
tt0000871,nm0000871,director
tt0000872,nm0000872,director
tt0000873,nm0000873,director
tt0000874,nm0000874,director
tt0000875,nm0000875,director
tt0000876,nm0000876,director
tt0000877,nm0000877,director
tt0000878,nm0000878,director
tt0000879,nm0000879,director
tt0000880,nm0000880,director
tt0000881,nm0000881,director
tt0000882,nm0000882,director
tt0000883,nm0000883,director
tt0000884,nm0000884,director
tt0000885,nm0000885,director
tt0000886,nm0000886,director
tt0000887,nm0000887,director
tt0000888,nm0000888,director
tt0000889,nm0000889,director
tt0000890,nm0000890,director
tt0000891,nm0000891,director
tt0000892,nm0000892,director
tt0000893,nm0000893,director
tt0000894,nm0000894,director
tt0000895,nm0000895,director
tt0000896,nm0000896,director
tt0000897,nm0000897,director
tt0000898,nm0000898,director
tt0000899,nm0000899,director
tt0000900,nm0000900,director
tt0000901,nm0000901,director
tt0000902,nm0000902,director
tt0000903,nm0000903,director
tt0000904,nm0000904,director
tt0000905,nm0000905,director
tt0000906,nm0000906,director
tt0000907,nm0000907,director
tt0000908,nm0000908,director
tt0000909,nm0000909,director
tt0000910,nm0000910,director
tt0000911,nm0000911,director
tt0000912,nm0000912,director
tt0000913,nm0000913,director
tt0000914,nm0000914,director
tt0000915,nm0000915,director
tt0000916,nm0000916,director
tt0000917,nm0000917,director
tt0000918,nm0000918,director
tt0000919,nm0000919,director
tt0000920,nm0000920,director
tt0000921,nm0000921,director
tt0000922,nm0000922,director
tt0000923,nm0000923,director
tt0000924,nm0000924,director
tt0000925,nm0000925,director
tt0000926,nm0000926,director
tt0000927,nm0000927,director
tt0000928,nm0000928,director
tt0000929,nm0000929,director
tt0000930,nm0000930,director
tt0000931,nm0000931,director
tt0000932,nm0000932,director
tt0000933,nm0000933,director
tt0000934,nm0000934,director
tt0000935,nm0000935,director
tt0000936,nm0000936,director
tt0000937,nm0000937,director
tt0000938,nm0000938,director
tt0000939,nm0000939,director
tt0000940,nm0000940,director
tt0000941,nm0000941,director
tt0000942,nm0000942,director
tt0000943,nm0000943,director
tt0000944,nm0000944,director
tt0000945,nm0000945,director
tt0000946,nm0000946,director
tt0000947,nm0000947,director
tt0000948,nm0000948,director
tt0000949,nm0000949,director
tt0000950,nm0000950,director
tt0000951,nm0000951,director
tt0000952,nm0000952,director
tt0000953,nm0000953,director
tt0000954,nm0000954,director
tt0000955,nm0000955,director
tt0000956,nm0000956,director
tt0000957,nm0000957,director
tt0000958,nm0000958,director
tt0000959,nm0000959,director
tt0000960,nm0000960,director
tt0000961,nm0000961,director
tt0000962,nm0000962,director
tt0000963,nm0000963,director
tt0000964,nm0000964,director
tt0000965,nm0000965,director
tt0000966,nm0000966,director
tt0000967,nm0000967,director
tt0000968,nm0000968,director
tt0000969,nm0000969,director
tt0000970,nm0000970,director
tt0000971,nm0000971,director
tt0000972,nm0000972,director
tt0000973,nm0000973,director
tt0000974,nm0000974,director
tt0000975,nm0000975,director
tt0000976,nm0000976,director
tt0000977,nm0000977,director
tt0000978,nm0000978,director
tt0000979,nm0000979,director
tt0000980,nm0000980,director
tt0000981,nm0000981,director
tt0000982,nm0000982,director
tt0000983,nm0000983,director
tt0000984,nm0000984,director
tt0000985,nm0000985,director
tt0000986,nm0000986,director
tt0000987,nm0000987,director
tt0000988,nm0000988,director
tt0000989,nm0000989,director
tt0000990,nm0000990,director
tt0000991,nm0000991,director
tt0000992,nm0000992,director
tt0000993,nm0000993,director
tt0000994,nm0000994,director
tt0000995,nm0000995,director
tt0000996,nm0000996,director
tt0000997,nm0000997,director
tt0000998,nm0000998,director
tt0000999,nm0000999,director
tt0001000,nm0001000,director
tt0001001,nm0001001,director
tt0001002,nm0001002,director
tt0001003,nm0001003,director
tt0001004,nm0001004,director
tt0001005,nm0001005,director
tt0001006,nm0001006,director
tt0001007,nm0001007,director
tt0001008,nm0001008,director
tt0001009,nm0001009,director
tt0001010,nm0001010,director
tt0001011,nm0001011,director
tt0001012,nm0001012,director
tt0001013,nm0001013,director
tt0001014,nm0001014,director
tt0001015,nm0001015,director
tt0001016,nm0001016,director
tt0001017,nm0001017,director
tt0001018,nm0001018,director
tt0001019,nm0001019,director
tt0001020,nm0001020,director
tt0001021,nm0001021,director
tt0001022,nm0001022,director
tt0001023,nm0001023,director
tt0001024,nm0001024,director
tt0001025,nm0001025,director
tt0001026,nm0001026,director
tt0001027,nm0001027,director
tt0001028,nm0001028,director
tt0001029,nm0001029,director
tt0001030,nm0001030,director
tt0001031,nm0001031,director
tt0001032,nm0001032,director
tt0001033,nm0001033,director
tt0001034,nm0001034,director
tt0001035,nm0001035,director
tt0001036,nm0001036,director
tt0001037,nm0001037,director
tt0001038,nm0001038,director
tt0001039,nm0001039,director
tt0001040,nm0001040,director
tt0001041,nm0001041,director
tt0001042,nm0001042,director
tt0001043,nm0001043,director
tt0001044,nm0001044,director
tt0001045,nm0001045,director
tt0001046,nm0001046,director
tt0001047,nm0001047,director
tt0001048,nm0001048,director
tt0001049,nm0001049,director
tt0001050,nm0001050,director
tt0001051,nm0001051,director
tt0001052,nm0001052,director
tt0001053,nm0001053,director
tt0001054,nm0001054,director
tt0001055,nm0001055,director
tt0001056,nm0001056,director
tt0001057,nm0001057,director
tt0001058,nm0001058,director
tt0001059,nm0001059,director
tt0001060,nm0001060,director
tt0001061,nm0001061,director
tt0001062,nm0001062,director
tt0001063,nm0001063,director
tt0001064,nm0001064,director
tt0001065,nm0001065,director
tt0001066,nm0001066,director
tt0001067,nm0001067,director
tt0001068,nm0001068,director
tt0001069,nm0001069,director
tt0001070,nm0001070,director
tt0001071,nm0001071,director
tt0001072,nm0001072,director
tt0001073,nm0001073,director
tt0001074,nm0001074,director
tt0001075,nm0001075,director
tt0001076,nm0001076,director
tt0001077,nm0001077,director
tt0001078,nm0001078,director
tt0001079,nm0001079,director
tt0001080,nm0001080,director
tt0001081,nm0001081,director
tt0001082,nm0001082,director
tt0001083,nm0001083,director
tt0001084,nm0001084,director
tt0001085,nm0001085,director
tt0001086,nm0001086,director
tt0001087,nm0001087,director
tt0001088,nm0001088,director
tt0001089,nm0001089,director
tt0001090,nm0001090,director
tt0001091,nm0001091,director
tt0001092,nm0001092,director
tt0001093,nm0001093,director
tt0001094,nm0001094,director
tt0001095,nm0001095,director
tt0001096,nm0001096,director
tt0001097,nm0001097,director
tt0001098,nm0001098,director
tt0001099,nm0001099,director
tt0001100,nm0001100,director
tt0001101,nm0001101,director
tt0001102,nm0001102,director
tt0001103,nm0001103,director
tt0001104,nm0001104,director
tt0001105,nm0001105,director
tt0001106,nm0001106,director
tt0001107,nm0001107,director
tt0001108,nm0001108,director
tt0001109,nm0001109,director
tt0001110,nm0001110,director
tt0001111,nm0001111,director
tt0001112,nm0001112,director
tt0001113,nm0001113,director
tt0001114,nm0001114,director
tt0001115,nm0001115,director
tt0001116,nm0001116,director
tt0001117,nm0001117,director
tt0001118,nm0001118,director
tt0001119,nm0001119,director
tt0001120,nm0001120,director
tt0001121,nm0001121,director
tt0001122,nm0001122,director
tt0001123,nm0001123,director
tt0001124,nm0001124,director
tt0001125,nm0001125,director
tt0001126,nm0001126,director
tt0001127,nm0001127,director
tt0001128,nm0001128,director
tt0001129,nm0001129,director
tt0001130,nm0001130,director
tt0001131,nm0001131,director
tt0001132,nm0001132,director
tt0001133,nm0001133,director
tt0001134,nm0001134,director
tt0001135,nm0001135,director
tt0001136,nm0001136,director
tt0001137,nm0001137,director
tt0001138,nm0001138,director
tt0001139,nm0001139,director
tt0001140,nm0001140,director
tt0001141,nm0001141,director
tt0001142,nm0001142,director
tt0001143,nm0001143,director
tt0001144,nm0001144,director
tt0001145,nm0001145,director
tt0001146,nm0001146,director
tt0001147,nm0001147,director
tt0001148,nm0001148,director
tt0001149,nm0001149,director
tt0001150,nm0001150,director
tt0001151,nm0001151,director
tt0001152,nm0001152,director
tt0001153,nm0001153,director
tt0001154,nm0001154,director
tt0001155,nm0001155,director
tt0001156,nm0001156,director
tt0001157,nm0001157,director
tt0001158,nm0001158,director
tt0001159,nm0001159,director
tt0001160,nm0001160,director
tt0001161,nm0001161,director
tt0001162,nm0001162,director
tt0001163,nm0001163,director
tt0001164,nm0001164,director
tt0001165,nm0001165,director
tt0001166,nm0001166,director
tt0001167,nm0001167,director
tt0001168,nm0001168,director
tt0001169,nm0001169,director
tt0001170,nm0001170,director
tt0001171,nm0001171,director
tt0001172,nm0001172,director
tt0001173,nm0001173,director
tt0001174,nm0001174,director
tt0001175,nm0001175,director
tt0001176,nm0001176,director
tt0001177,nm0001177,director
tt0001178,nm0001178,director
tt0001179,nm0001179,director
tt0001180,nm0001180,director
tt0001181,nm0001181,director
tt0001182,nm0001182,director
tt0001183,nm0001183,director
tt0001184,nm0001184,director
tt0001185,nm0001185,director
tt0001186,nm0001186,director
tt0001187,nm0001187,director
tt0001188,nm0001188,director
tt0001189,nm0001189,director
tt0001190,nm0001190,director
tt0001191,nm0001191,director
tt0001192,nm0001192,director
tt0001193,nm0001193,director
tt0001194,nm0001194,director
tt0001195,nm0001195,director
tt0001196,nm0001196,director
tt0001197,nm0001197,director
tt0001198,nm0001198,director
tt0001199,nm0001199,director
tt0001200,nm0001200,director
tt0001201,nm0001201,director
tt0001202,nm0001202,director
tt0001203,nm0001203,director
tt0001204,nm0001204,director
tt0001205,nm0001205,director
tt0001206,nm0001206,director
tt0001207,nm0001207,director
tt0001208,nm0001208,director
tt0001209,nm0001209,director
tt0001210,nm0001210,director
tt0001211,nm0001211,director
tt0001212,nm0001212,director
tt0001213,nm0001213,director
tt0001214,nm0001214,director
tt0001215,nm0001215,director
tt0001216,nm0001216,director
tt0001217,nm0001217,director
tt0001218,nm0001218,director
tt0001219,nm0001219,director
tt0001220,nm0001220,director
tt0001221,nm0001221,director
tt0001222,nm0001222,director
tt0001223,nm0001223,director
tt0001224,nm0001224,director
tt0001225,nm0001225,director
tt0001226,nm0001226,director
tt0001227,nm0001227,director
tt0001228,nm0001228,director
tt0001229,nm0001229,director
tt0001230,nm0001230,director
tt0001231,nm0001231,director
tt0001232,nm0001232,director
tt0001233,nm0001233,director
tt0001234,nm0001234,director
tt0001235,nm0001235,director
tt0001236,nm0001236,director
tt0001237,nm0001237,director
tt0001238,nm0001238,director
tt0001239,nm0001239,director
tt0001240,nm0001240,director
tt0001241,nm0001241,director
tt0001242,nm0001242,director
tt0001243,nm0001243,director
tt0001244,nm0001244,director
tt0001245,nm0001245,director
tt0001246,nm0001246,director
tt0001247,nm0001247,director
tt0001248,nm0001248,director
tt0001249,nm0001249,director
tt0001250,nm0001250,director
tt0001251,nm0001251,director
tt0001252,nm0001252,director
tt0001253,nm0001253,director
tt0001254,nm0001254,director
tt0001255,nm0001255,director
tt0001256,nm0001256,director
tt0001257,nm0001257,director
tt0001258,nm0001258,director
tt0001259,nm0001259,director
tt0001260,nm0001260,director
tt0001261,nm0001261,director
tt0001262,nm0001262,director
tt0001263,nm0001263,director
tt0001264,nm0001264,director
tt0001265,nm0001265,director
tt0001266,nm0001266,director
tt0001267,nm0001267,director
tt0001268,nm0001268,director
tt0001269,nm0001269,director
tt0001270,nm0001270,director
tt0001271,nm0001271,director
tt0001272,nm0001272,director
tt0001273,nm0001273,director
tt0001274,nm0001274,director
tt0001275,nm0001275,director
tt0001276,nm0001276,director
tt0001277,nm0001277,director
tt0001278,nm0001278,director
tt0001279,nm0001279,director
tt0001280,nm0001280,director
tt0001281,nm0001281,director
tt0001282,nm0001282,director
tt0001283,nm0001283,director
tt0001284,nm0001284,director
tt0001285,nm0001285,director
tt0001286,nm0001286,director
tt0001287,nm0001287,director
tt0001288,nm0001288,director
tt0001289,nm0001289,director
tt0001290,nm0001290,director
tt0001291,nm0001291,director
tt0001292,nm0001292,director
tt0001293,nm0001293,director
tt0001294,nm0001294,director
tt0001295,nm0001295,director
tt0001296,nm0001296,director
tt0001297,nm0001297,director
tt0001298,nm0001298,director
tt0001299,nm0001299,director
tt0001300,nm0001300,director
tt0001301,nm0001301,director
tt0001302,nm0001302,director
tt0001303,nm0001303,director
tt0001304,nm0001304,director
tt0001305,nm0001305,director
tt0001306,nm0001306,director
tt0001307,nm0001307,director
tt0001308,nm0001308,director
tt0001309,nm0001309,director
tt0001310,nm0001310,director
tt0001311,nm0001311,director
tt0001312,nm0001312,director
tt0001313,nm0001313,director
tt0001314,nm0001314,director
tt0001315,nm0001315,director
tt0001316,nm0001316,director
tt0001317,nm0001317,director
tt0001318,nm0001318,director
tt0001319,nm0001319,director
tt0001320,nm0001320,director
tt0001321,nm0001321,director
tt0001322,nm0001322,director
tt0001323,nm0001323,director
tt0001324,nm0001324,director
tt0001325,nm0001325,director
tt0001326,nm0001326,director
tt0001327,nm0001327,director
tt0001328,nm0001328,director
tt0001329,nm0001329,director
tt0001330,nm0001330,director
tt0001331,nm0001331,director
tt0001332,nm0001332,director
tt0001333,nm0001333,director
tt0001334,nm0001334,director
tt0001335,nm0001335,director
tt0001336,nm0001336,director
tt0001337,nm0001337,director
tt0001338,nm0001338,director
tt0001339,nm0001339,director
tt0001340,nm0001340,director
tt0001341,nm0001341,director
tt0001342,nm0001342,director
tt0001343,nm0001343,director
tt0001344,nm0001344,director
tt0001345,nm0001345,director
tt0001346,nm0001346,director
tt0001347,nm0001347,director
tt0001348,nm0001348,director
tt0001349,nm0001349,director
tt0001350,nm0001350,director
tt0001351,nm0001351,director
tt0001352,nm0001352,director
tt0001353,nm0001353,director
tt0001354,nm0001354,director
tt0001355,nm0001355,director
tt0001356,nm0001356,director
tt0001357,nm0001357,director
tt0001358,nm0001358,director
tt0001359,nm0001359,director
tt0001360,nm0001360,director
tt0001361,nm0001361,director
tt0001362,nm0001362,director
tt0001363,nm0001363,director
tt0001364,nm0001364,director
tt0001365,nm0001365,director
tt0001366,nm0001366,director
tt0001367,nm0001367,director
tt0001368,nm0001368,director
tt0001369,nm0001369,director
tt0001370,nm0001370,director
tt0001371,nm0001371,director
tt0001372,nm0001372,director
tt0001373,nm0001373,director
tt0001374,nm0001374,director
tt0001375,nm0001375,director
tt0001376,nm0001376,director
tt0001377,nm0001377,director
tt0001378,nm0001378,director
tt0001379,nm0001379,director
tt0001380,nm0001380,director
tt0001381,nm0001381,director
tt0001382,nm0001382,director
tt0001383,nm0001383,director
tt0001384,nm0001384,director
tt0001385,nm0001385,director
tt0001386,nm0001386,director
tt0001387,nm0001387,director
tt0001388,nm0001388,director
tt0001389,nm0001389,director
tt0001390,nm0001390,director
tt0001391,nm0001391,director
tt0001392,nm0001392,director
tt0001393,nm0001393,director
tt0001394,nm0001394,director
tt0001395,nm0001395,director
tt0001396,nm0001396,director
tt0001397,nm0001397,director
tt0001398,nm0001398,director
tt0001399,nm0001399,director
tt0001400,nm0001400,director
tt0001401,nm0001401,director
tt0001402,nm0001402,director
tt0001403,nm0001403,director
tt0001404,nm0001404,director
tt0001405,nm0001405,director
tt0001406,nm0001406,director
tt0001407,nm0001407,director
tt0001408,nm0001408,director
tt0001409,nm0001409,director
tt0001410,nm0001410,director
tt0001411,nm0001411,director
tt0001412,nm0001412,director
tt0001413,nm0001413,director
tt0001414,nm0001414,director
tt0001415,nm0001415,director
tt0001416,nm0001416,director
tt0001417,nm0001417,director
tt0001418,nm0001418,director
tt0001419,nm0001419,director
tt0001420,nm0001420,director
tt0001421,nm0001421,director
tt0001422,nm0001422,director
tt0001423,nm0001423,director
tt0001424,nm0001424,director
tt0001425,nm0001425,director
tt0001426,nm0001426,director
tt0001427,nm0001427,director
tt0001428,nm0001428,director
tt0001429,nm0001429,director
tt0001430,nm0001430,director
tt0001431,nm0001431,director
tt0001432,nm0001432,director
tt0001433,nm0001433,director
tt0001434,nm0001434,director
tt0001435,nm0001435,director
tt0001436,nm0001436,director
tt0001437,nm0001437,director
tt0001438,nm0001438,director
tt0001439,nm0001439,director
tt0001440,nm0001440,director
tt0001441,nm0001441,director
tt0001442,nm0001442,director
tt0001443,nm0001443,director
tt0001444,nm0001444,director
tt0001445,nm0001445,director
tt0001446,nm0001446,director
tt0001447,nm0001447,director
tt0001448,nm0001448,director
tt0001449,nm0001449,director
tt0001450,nm0001450,director
tt0001451,nm0001451,director
tt0001452,nm0001452,director
tt0001453,nm0001453,director
tt0001454,nm0001454,director
tt0001455,nm0001455,director
tt0001456,nm0001456,director
tt0001457,nm0001457,director
tt0001458,nm0001458,director
tt0001459,nm0001459,director
tt0001460,nm0001460,director
tt0001461,nm0001461,director
tt0001462,nm0001462,director
tt0001463,nm0001463,director
tt0001464,nm0001464,director
tt0001465,nm0001465,director
tt0001466,nm0001466,director
tt0001467,nm0001467,director
tt0001468,nm0001468,director
tt0001469,nm0001469,director
tt0001470,nm0001470,director
tt0001471,nm0001471,director
tt0001472,nm0001472,director
tt0001473,nm0001473,director
tt0001474,nm0001474,director
tt0001475,nm0001475,director
tt0001476,nm0001476,director
tt0001477,nm0001477,director
tt0001478,nm0001478,director
tt0001479,nm0001479,director
tt0001480,nm0001480,director
tt0001481,nm0001481,director
tt0001482,nm0001482,director
tt0001483,nm0001483,director
tt0001484,nm0001484,director
tt0001485,nm0001485,director
tt0001486,nm0001486,director
tt0001487,nm0001487,director
tt0001488,nm0001488,director
tt0001489,nm0001489,director
tt0001490,nm0001490,director
tt0001491,nm0001491,director
tt0001492,nm0001492,director
tt0001493,nm0001493,director
tt0001494,nm0001494,director
tt0001495,nm0001495,director
tt0001496,nm0001496,director
tt0001497,nm0001497,director
tt0001498,nm0001498,director
tt0001499,nm0001499,director
tt0001500,nm0001500,director
tt0001501,nm0001501,director
tt0001502,nm0001502,director
tt0001503,nm0001503,director
tt0001504,nm0001504,director
tt0001505,nm0001505,director
tt0001506,nm0001506,director
tt0001507,nm0001507,director
tt0001508,nm0001508,director
tt0001509,nm0001509,director
tt0001510,nm0001510,director
tt0001511,nm0001511,director
tt0001512,nm0001512,director
tt0001513,nm0001513,director
tt0001514,nm0001514,director
tt0001515,nm0001515,director
tt0001516,nm0001516,director
tt0001517,nm0001517,director
tt0001518,nm0001518,director
tt0001519,nm0001519,director
tt0001520,nm0001520,director
tt0001521,nm0001521,director
tt0001522,nm0001522,director
tt0001523,nm0001523,director
tt0001524,nm0001524,director
tt0001525,nm0001525,director
tt0001526,nm0001526,director
tt0001527,nm0001527,director
tt0001528,nm0001528,director
tt0001529,nm0001529,director
tt0001530,nm0001530,director
tt0001531,nm0001531,director
tt0001532,nm0001532,director
tt0001533,nm0001533,director
tt0001534,nm0001534,director
tt0001535,nm0001535,director
tt0001536,nm0001536,director
tt0001537,nm0001537,director
tt0001538,nm0001538,director
tt0001539,nm0001539,director
tt0001540,nm0001540,director
tt0001541,nm0001541,director
tt0001542,nm0001542,director
tt0001543,nm0001543,director
tt0001544,nm0001544,director
tt0001545,nm0001545,director
tt0001546,nm0001546,director
tt0001547,nm0001547,director
tt0001548,nm0001548,director
tt0001549,nm0001549,director
tt0001550,nm0001550,director
tt0001551,nm0001551,director
tt0001552,nm0001552,director
tt0001553,nm0001553,director
tt0001554,nm0001554,director
tt0001555,nm0001555,director
tt0001556,nm0001556,director
tt0001557,nm0001557,director
tt0001558,nm0001558,director
tt0001559,nm0001559,director
tt0001560,nm0001560,director
tt0001561,nm0001561,director
tt0001562,nm0001562,director
tt0001563,nm0001563,director
tt0001564,nm0001564,director
tt0001565,nm0001565,director
tt0001566,nm0001566,director
tt0001567,nm0001567,director
tt0001568,nm0001568,director
tt0001569,nm0001569,director
tt0001570,nm0001570,director
tt0001571,nm0001571,director
tt0001572,nm0001572,director
tt0001573,nm0001573,director
tt0001574,nm0001574,director
tt0001575,nm0001575,director
tt0001576,nm0001576,director
tt0001577,nm0001577,director
tt0001578,nm0001578,director
tt0001579,nm0001579,director
tt0001580,nm0001580,director
tt0001581,nm0001581,director
tt0001582,nm0001582,director
tt0001583,nm0001583,director
tt0001584,nm0001584,director
tt0001585,nm0001585,director
tt0001586,nm0001586,director
tt0001587,nm0001587,director
tt0001588,nm0001588,director
tt0001589,nm0001589,director
tt0001590,nm0001590,director
tt0001591,nm0001591,director
tt0001592,nm0001592,director
tt0001593,nm0001593,director
tt0001594,nm0001594,director
tt0001595,nm0001595,director
tt0001596,nm0001596,director
tt0001597,nm0001597,director
tt0001598,nm0001598,director
tt0001599,nm0001599,director
tt0001600,nm0001600,director
tt0001601,nm0001601,director
tt0001602,nm0001602,director
tt0001603,nm0001603,director
tt0001604,nm0001604,director
tt0001605,nm0001605,director
tt0001606,nm0001606,director
tt0001607,nm0001607,director
tt0001608,nm0001608,director
tt0001609,nm0001609,director
tt0001610,nm0001610,director
tt0001611,nm0001611,director
tt0001612,nm0001612,director
tt0001613,nm0001613,director
tt0001614,nm0001614,director
tt0001615,nm0001615,director
tt0001616,nm0001616,director
tt0001617,nm0001617,director
tt0001618,nm0001618,director
tt0001619,nm0001619,director
tt0001620,nm0001620,director
tt0001621,nm0001621,director
tt0001622,nm0001622,director
tt0001623,nm0001623,director
tt0001624,nm0001624,director
tt0001625,nm0001625,director
tt0001626,nm0001626,director
tt0001627,nm0001627,director
tt0001628,nm0001628,director
tt0001629,nm0001629,director
tt0001630,nm0001630,director
tt0001631,nm0001631,director
tt0001632,nm0001632,director
tt0001633,nm0001633,director
tt0001634,nm0001634,director
tt0001635,nm0001635,director
tt0001636,nm0001636,director
tt0001637,nm0001637,director
tt0001638,nm0001638,director
tt0001639,nm0001639,director
tt0001640,nm0001640,director
tt0001641,nm0001641,director
tt0001642,nm0001642,director
tt0001643,nm0001643,director
tt0001644,nm0001644,director
tt0001645,nm0001645,director
tt0001646,nm0001646,director
tt0001647,nm0001647,director
tt0001648,nm0001648,director
tt0001649,nm0001649,director
tt0001650,nm0001650,director
tt0001651,nm0001651,director
tt0001652,nm0001652,director
tt0001653,nm0001653,director
tt0001654,nm0001654,director
tt0001655,nm0001655,director
tt0001656,nm0001656,director
tt0001657,nm0001657,director
tt0001658,nm0001658,director
tt0001659,nm0001659,director
tt0001660,nm0001660,director
tt0001661,nm0001661,director
tt0001662,nm0001662,director
tt0001663,nm0001663,director
tt0001664,nm0001664,director
tt0001665,nm0001665,director
tt0001666,nm0001666,director
tt0001667,nm0001667,director
tt0001668,nm0001668,director
tt0001669,nm0001669,director
tt0001670,nm0001670,director
tt0001671,nm0001671,director
tt0001672,nm0001672,director
tt0001673,nm0001673,director
tt0001674,nm0001674,director
tt0001675,nm0001675,director
tt0001676,nm0001676,director
tt0001677,nm0001677,director
tt0001678,nm0001678,director
tt0001679,nm0001679,director
tt0001680,nm0001680,director
tt0001681,nm0001681,director
tt0001682,nm0001682,director
tt0001683,nm0001683,director
tt0001684,nm0001684,director
tt0001685,nm0001685,director
tt0001686,nm0001686,director
tt0001687,nm0001687,director
tt0001688,nm0001688,director
tt0001689,nm0001689,director
tt0001690,nm0001690,director
tt0001691,nm0001691,director
tt0001692,nm0001692,director
tt0001693,nm0001693,director
tt0001694,nm0001694,director
tt0001695,nm0001695,director
tt0001696,nm0001696,director
tt0001697,nm0001697,director
tt0001698,nm0001698,director
tt0001699,nm0001699,director
tt0001700,nm0001700,director
tt0001701,nm0001701,director
tt0001702,nm0001702,director
tt0001703,nm0001703,director
tt0001704,nm0001704,director
tt0001705,nm0001705,director
tt0001706,nm0001706,director
tt0001707,nm0001707,director
tt0001708,nm0001708,director
tt0001709,nm0001709,director
tt0001710,nm0001710,director
tt0001711,nm0001711,director
tt0001712,nm0001712,director
tt0001713,nm0001713,director
tt0001714,nm0001714,director
tt0001715,nm0001715,director
tt0001716,nm0001716,director
tt0001717,nm0001717,director
tt0001718,nm0001718,director
tt0001719,nm0001719,director
tt0001720,nm0001720,director
tt0001721,nm0001721,director
tt0001722,nm0001722,director
tt0001723,nm0001723,director
tt0001724,nm0001724,director
tt0001725,nm0001725,director
tt0001726,nm0001726,director
tt0001727,nm0001727,director
tt0001728,nm0001728,director
tt0001729,nm0001729,director
tt0001730,nm0001730,director
tt0001731,nm0001731,director
tt0001732,nm0001732,director
tt0001733,nm0001733,director
tt0001734,nm0001734,director
tt0001735,nm0001735,director
tt0001736,nm0001736,director
tt0001737,nm0001737,director
tt0001738,nm0001738,director
tt0001739,nm0001739,director
tt0001740,nm0001740,director
tt0001741,nm0001741,director
tt0001742,nm0001742,director
tt0001743,nm0001743,director
tt0001744,nm0001744,director
tt0001745,nm0001745,director
tt0001746,nm0001746,director
tt0001747,nm0001747,director
tt0001748,nm0001748,director
tt0001749,nm0001749,director
tt0001750,nm0001750,director
tt0001751,nm0001751,director
tt0001752,nm0001752,director
tt0001753,nm0001753,director
tt0001754,nm0001754,director
tt0001755,nm0001755,director
tt0001756,nm0001756,director
tt0001757,nm0001757,director
tt0001758,nm0001758,director
tt0001759,nm0001759,director
tt0001760,nm0001760,director
tt0001761,nm0001761,director
tt0001762,nm0001762,director
tt0001763,nm0001763,director
tt0001764,nm0001764,director
tt0001765,nm0001765,director
tt0001766,nm0001766,director
tt0001767,nm0001767,director
tt0001768,nm0001768,director
tt0001769,nm0001769,director
tt0001770,nm0001770,director
tt0001771,nm0001771,director
tt0001772,nm0001772,director
tt0001773,nm0001773,director
tt0001774,nm0001774,director
tt0001775,nm0001775,director
tt0001776,nm0001776,director
tt0001777,nm0001777,director
tt0001778,nm0001778,director
tt0001779,nm0001779,director
tt0001780,nm0001780,director
tt0001781,nm0001781,director
tt0001782,nm0001782,director
tt0001783,nm0001783,director
tt0001784,nm0001784,director
tt0001785,nm0001785,director
tt0001786,nm0001786,director
tt0001787,nm0001787,director
tt0001788,nm0001788,director
tt0001789,nm0001789,director
tt0001790,nm0001790,director
tt0001791,nm0001791,director
tt0001792,nm0001792,director
tt0001793,nm0001793,director
tt0001794,nm0001794,director
tt0001795,nm0001795,director
tt0001796,nm0001796,director
tt0001797,nm0001797,director
tt0001798,nm0001798,director
tt0001799,nm0001799,director
tt0001800,nm0001800,director
tt0001801,nm0001801,director
tt0001802,nm0001802,director
tt0001803,nm0001803,director
tt0001804,nm0001804,director
tt0001805,nm0001805,director
tt0001806,nm0001806,director
tt0001807,nm0001807,director
tt0001808,nm0001808,director
tt0001809,nm0001809,director
tt0001810,nm0001810,director
tt0001811,nm0001811,director
tt0001812,nm0001812,director
tt0001813,nm0001813,director
tt0001814,nm0001814,director
tt0001815,nm0001815,director
tt0001816,nm0001816,director
tt0001817,nm0001817,director
tt0001818,nm0001818,director
tt0001819,nm0001819,director
tt0001820,nm0001820,director
tt0001821,nm0001821,director
tt0001822,nm0001822,director
tt0001823,nm0001823,director
tt0001824,nm0001824,director
tt0001825,nm0001825,director
tt0001826,nm0001826,director
tt0001827,nm0001827,director
tt0001828,nm0001828,director
tt0001829,nm0001829,director
tt0001830,nm0001830,director
tt0001831,nm0001831,director
tt0001832,nm0001832,director
tt0001833,nm0001833,director
tt0001834,nm0001834,director
tt0001835,nm0001835,director
tt0001836,nm0001836,director
tt0001837,nm0001837,director
tt0001838,nm0001838,director
tt0001839,nm0001839,director
tt0001840,nm0001840,director
tt0001841,nm0001841,director
tt0001842,nm0001842,director
tt0001843,nm0001843,director
tt0001844,nm0001844,director
tt0001845,nm0001845,director
tt0001846,nm0001846,director
tt0001847,nm0001847,director
tt0001848,nm0001848,director
tt0001849,nm0001849,director
tt0001850,nm0001850,director
tt0001851,nm0001851,director
tt0001852,nm0001852,director
tt0001853,nm0001853,director
tt0001854,nm0001854,director
tt0001855,nm0001855,director
tt0001856,nm0001856,director
tt0001857,nm0001857,director
tt0001858,nm0001858,director
tt0001859,nm0001859,director
tt0001860,nm0001860,director
tt0001861,nm0001861,director
tt0001862,nm0001862,director
tt0001863,nm0001863,director
tt0001864,nm0001864,director
tt0001865,nm0001865,director
tt0001866,nm0001866,director
tt0001867,nm0001867,director
tt0001868,nm0001868,director
tt0001869,nm0001869,director
tt0001870,nm0001870,director
tt0001871,nm0001871,director
tt0001872,nm0001872,director
tt0001873,nm0001873,director
tt0001874,nm0001874,director
tt0001875,nm0001875,director
tt0001876,nm0001876,director
tt0001877,nm0001877,director
tt0001878,nm0001878,director
tt0001879,nm0001879,director
tt0001880,nm0001880,director
tt0001881,nm0001881,director
tt0001882,nm0001882,director
tt0001883,nm0001883,director
tt0001884,nm0001884,director
tt0001885,nm0001885,director
tt0001886,nm0001886,director
tt0001887,nm0001887,director
tt0001888,nm0001888,director
tt0001889,nm0001889,director
tt0001890,nm0001890,director
tt0001891,nm0001891,director
tt0001892,nm0001892,director
tt0001893,nm0001893,director
tt0001894,nm0001894,director
tt0001895,nm0001895,director
tt0001896,nm0001896,director
tt0001897,nm0001897,director
tt0001898,nm0001898,director
tt0001899,nm0001899,director
tt0001900,nm0001900,director
tt0001901,nm0001901,director
tt0001902,nm0001902,director
tt0001903,nm0001903,director
tt0001904,nm0001904,director
tt0001905,nm0001905,director
tt0001906,nm0001906,director
tt0001907,nm0001907,director
tt0001908,nm0001908,director
tt0001909,nm0001909,director
tt0001910,nm0001910,director
tt0001911,nm0001911,director
tt0001912,nm0001912,director
tt0001913,nm0001913,director
tt0001914,nm0001914,director
tt0001915,nm0001915,director
tt0001916,nm0001916,director
tt0001917,nm0001917,director
tt0001918,nm0001918,director
tt0001919,nm0001919,director
tt0001920,nm0001920,director
tt0001921,nm0001921,director
tt0001922,nm0001922,director
tt0001923,nm0001923,director
tt0001924,nm0001924,director
tt0001925,nm0001925,director
tt0001926,nm0001926,director
tt0001927,nm0001927,director
tt0001928,nm0001928,director
tt0001929,nm0001929,director
tt0001930,nm0001930,director
tt0001931,nm0001931,director
tt0001932,nm0001932,director
tt0001933,nm0001933,director
tt0001934,nm0001934,director
tt0001935,nm0001935,director
tt0001936,nm0001936,director
tt0001937,nm0001937,director
tt0001938,nm0001938,director
tt0001939,nm0001939,director
tt0001940,nm0001940,director
tt0001941,nm0001941,director
tt0001942,nm0001942,director
tt0001943,nm0001943,director
tt0001944,nm0001944,director
tt0001945,nm0001945,director
tt0001946,nm0001946,director
tt0001947,nm0001947,director
tt0001948,nm0001948,director
tt0001949,nm0001949,director
tt0001950,nm0001950,director
tt0001951,nm0001951,director
tt0001952,nm0001952,director
tt0001953,nm0001953,director
tt0001954,nm0001954,director
tt0001955,nm0001955,director
tt0001956,nm0001956,director
tt0001957,nm0001957,director
tt0001958,nm0001958,director
tt0001959,nm0001959,director
tt0001960,nm0001960,director
tt0001961,nm0001961,director
tt0001962,nm0001962,director
tt0001963,nm0001963,director
tt0001964,nm0001964,director
tt0001965,nm0001965,director
tt0001966,nm0001966,director
tt0001967,nm0001967,director
tt0001968,nm0001968,director
tt0001969,nm0001969,director
tt0001970,nm0001970,director
tt0001971,nm0001971,director
tt0001972,nm0001972,director
tt0001973,nm0001973,director
tt0001974,nm0001974,director
tt0001975,nm0001975,director
tt0001976,nm0001976,director
tt0001977,nm0001977,director
tt0001978,nm0001978,director
tt0001979,nm0001979,director
tt0001980,nm0001980,director
tt0001981,nm0001981,director
tt0001982,nm0001982,director
tt0001983,nm0001983,director
tt0001984,nm0001984,director
tt0001985,nm0001985,director
tt0001986,nm0001986,director
tt0001987,nm0001987,director
tt0001988,nm0001988,director
tt0001989,nm0001989,director
tt0001990,nm0001990,director
tt0001991,nm0001991,director
tt0001992,nm0001992,director
tt0001993,nm0001993,director
tt0001994,nm0001994,director
tt0001995,nm0001995,director
tt0001996,nm0001996,director
tt0001997,nm0001997,director
tt0001998,nm0001998,director
tt0001999,nm0001999,director
tt0002000,nm0002000,director
tt0002001,nm0002001,director
tt0002002,nm0002002,director
tt0002003,nm0002003,director
tt0002004,nm0002004,director
tt0002005,nm0002005,director
tt0002006,nm0002006,director
tt0002007,nm0002007,director
tt0002008,nm0002008,director
tt0002009,nm0002009,director
tt0002010,nm0002010,director
tt0002011,nm0002011,director
tt0002012,nm0002012,director
tt0002013,nm0002013,director
tt0002014,nm0002014,director
tt0002015,nm0002015,director
tt0002016,nm0002016,director
tt0002017,nm0002017,director
tt0002018,nm0002018,director
tt0002019,nm0002019,director
tt0002020,nm0002020,director
tt0002021,nm0002021,director
tt0002022,nm0002022,director
tt0002023,nm0002023,director
tt0002024,nm0002024,director
tt0002025,nm0002025,director
tt0002026,nm0002026,director
tt0002027,nm0002027,director
tt0002028,nm0002028,director
tt0002029,nm0002029,director
tt0002030,nm0002030,director
tt0002031,nm0002031,director
tt0002032,nm0002032,director
tt0002033,nm0002033,director
tt0002034,nm0002034,director
tt0002035,nm0002035,director
tt0002036,nm0002036,director
tt0002037,nm0002037,director
tt0002038,nm0002038,director
tt0002039,nm0002039,director
tt0002040,nm0002040,director
tt0002041,nm0002041,director
tt0002042,nm0002042,director
tt0002043,nm0002043,director
tt0002044,nm0002044,director
tt0002045,nm0002045,director
tt0002046,nm0002046,director
tt0002047,nm0002047,director
tt0002048,nm0002048,director
tt0002049,nm0002049,director
tt0002050,nm0002050,director
tt0002051,nm0002051,director
tt0002052,nm0002052,director
tt0002053,nm0002053,director
tt0002054,nm0002054,director
tt0002055,nm0002055,director
tt0002056,nm0002056,director
tt0002057,nm0002057,director
tt0002058,nm0002058,director
tt0002059,nm0002059,director
tt0002060,nm0002060,director
tt0002061,nm0002061,director
tt0002062,nm0002062,director
tt0002063,nm0002063,director
tt0002064,nm0002064,director
tt0002065,nm0002065,director
tt0002066,nm0002066,director
tt0002067,nm0002067,director
tt0002068,nm0002068,director
tt0002069,nm0002069,director
tt0002070,nm0002070,director
tt0002071,nm0002071,director
tt0002072,nm0002072,director
tt0002073,nm0002073,director
tt0002074,nm0002074,director
tt0002075,nm0002075,director
tt0002076,nm0002076,director
tt0002077,nm0002077,director
tt0002078,nm0002078,director
tt0002079,nm0002079,director
tt0002080,nm0002080,director
tt0002081,nm0002081,director
tt0002082,nm0002082,director
tt0002083,nm0002083,director
tt0002084,nm0002084,director
tt0002085,nm0002085,director
tt0002086,nm0002086,director
tt0002087,nm0002087,director
tt0002088,nm0002088,director
tt0002089,nm0002089,director
tt0002090,nm0002090,director
tt0002091,nm0002091,director
tt0002092,nm0002092,director
tt0002093,nm0002093,director
tt0002094,nm0002094,director
tt0002095,nm0002095,director
tt0002096,nm0002096,director
tt0002097,nm0002097,director
tt0002098,nm0002098,director
tt0002099,nm0002099,director
tt0002100,nm0002100,director
tt0002101,nm0002101,director
tt0002102,nm0002102,director
tt0002103,nm0002103,director
tt0002104,nm0002104,director
tt0002105,nm0002105,director
tt0002106,nm0002106,director
tt0002107,nm0002107,director
tt0002108,nm0002108,director
tt0002109,nm0002109,director
tt0002110,nm0002110,director
tt0002111,nm0002111,director
tt0002112,nm0002112,director
tt0002113,nm0002113,director
tt0002114,nm0002114,director
tt0002115,nm0002115,director
tt0002116,nm0002116,director
tt0002117,nm0002117,director
tt0002118,nm0002118,director
tt0002119,nm0002119,director
tt0002120,nm0002120,director
tt0002121,nm0002121,director
tt0002122,nm0002122,director
tt0002123,nm0002123,director
tt0002124,nm0002124,director
tt0002125,nm0002125,director
tt0002126,nm0002126,director
tt0002127,nm0002127,director
tt0002128,nm0002128,director
tt0002129,nm0002129,director
tt0002130,nm0002130,director
tt0002131,nm0002131,director
tt0002132,nm0002132,director
tt0002133,nm0002133,director
tt0002134,nm0002134,director
tt0002135,nm0002135,director
tt0002136,nm0002136,director
tt0002137,nm0002137,director
tt0002138,nm0002138,director
tt0002139,nm0002139,director
tt0002140,nm0002140,director
tt0002141,nm0002141,director
tt0002142,nm0002142,director
tt0002143,nm0002143,director
tt0002144,nm0002144,director
tt0002145,nm0002145,director
tt0002146,nm0002146,director
tt0002147,nm0002147,director
tt0002148,nm0002148,director
tt0002149,nm0002149,director
tt0002150,nm0002150,director
tt0002151,nm0002151,director
tt0002152,nm0002152,director
tt0002153,nm0002153,director
tt0002154,nm0002154,director
tt0002155,nm0002155,director
tt0002156,nm0002156,director
tt0002157,nm0002157,director
tt0002158,nm0002158,director
tt0002159,nm0002159,director
tt0002160,nm0002160,director
tt0002161,nm0002161,director
tt0002162,nm0002162,director
tt0002163,nm0002163,director
tt0002164,nm0002164,director
tt0002165,nm0002165,director
tt0002166,nm0002166,director
tt0002167,nm0002167,director
tt0002168,nm0002168,director
tt0002169,nm0002169,director
tt0002170,nm0002170,director
tt0002171,nm0002171,director
tt0002172,nm0002172,director
tt0002173,nm0002173,director
tt0002174,nm0002174,director
tt0002175,nm0002175,director
tt0002176,nm0002176,director
tt0002177,nm0002177,director
tt0002178,nm0002178,director
tt0002179,nm0002179,director
tt0002180,nm0002180,director
tt0002181,nm0002181,director
tt0002182,nm0002182,director
tt0002183,nm0002183,director
tt0002184,nm0002184,director
tt0002185,nm0002185,director
tt0002186,nm0002186,director
tt0002187,nm0002187,director
tt0002188,nm0002188,director
tt0002189,nm0002189,director
tt0002190,nm0002190,director
tt0002191,nm0002191,director
tt0002192,nm0002192,director
tt0002193,nm0002193,director
tt0002194,nm0002194,director
tt0002195,nm0002195,director
tt0002196,nm0002196,director
tt0002197,nm0002197,director
tt0002198,nm0002198,director
tt0002199,nm0002199,director
tt0002200,nm0002200,director
tt0002201,nm0002201,director
tt0002202,nm0002202,director
tt0002203,nm0002203,director
tt0002204,nm0002204,director
tt0002205,nm0002205,director
tt0002206,nm0002206,director
tt0002207,nm0002207,director
tt0002208,nm0002208,director
tt0002209,nm0002209,director
tt0002210,nm0002210,director
tt0002211,nm0002211,director
tt0002212,nm0002212,director
tt0002213,nm0002213,director
tt0002214,nm0002214,director
tt0002215,nm0002215,director
tt0002216,nm0002216,director
tt0002217,nm0002217,director
tt0002218,nm0002218,director
tt0002219,nm0002219,director
tt0002220,nm0002220,director
tt0002221,nm0002221,director
tt0002222,nm0002222,director
tt0002223,nm0002223,director
tt0002224,nm0002224,director
tt0002225,nm0002225,director
tt0002226,nm0002226,director
tt0002227,nm0002227,director
tt0002228,nm0002228,director
tt0002229,nm0002229,director
tt0002230,nm0002230,director
tt0002231,nm0002231,director
tt0002232,nm0002232,director
tt0002233,nm0002233,director
tt0002234,nm0002234,director
tt0002235,nm0002235,director
tt0002236,nm0002236,director
tt0002237,nm0002237,director
tt0002238,nm0002238,director
tt0002239,nm0002239,director
tt0002240,nm0002240,director
tt0002241,nm0002241,director
tt0002242,nm0002242,director
tt0002243,nm0002243,director
tt0002244,nm0002244,director
tt0002245,nm0002245,director
tt0002246,nm0002246,director
tt0002247,nm0002247,director
tt0002248,nm0002248,director
tt0002249,nm0002249,director
tt0002250,nm0002250,director
tt0002251,nm0002251,director
tt0002252,nm0002252,director
tt0002253,nm0002253,director
tt0002254,nm0002254,director
tt0002255,nm0002255,director
tt0002256,nm0002256,director
tt0002257,nm0002257,director
tt0002258,nm0002258,director
tt0002259,nm0002259,director
tt0002260,nm0002260,director
tt0002261,nm0002261,director
tt0002262,nm0002262,director
tt0002263,nm0002263,director
tt0002264,nm0002264,director
tt0002265,nm0002265,director
tt0002266,nm0002266,director
tt0002267,nm0002267,director
tt0002268,nm0002268,director
tt0002269,nm0002269,director
tt0002270,nm0002270,director
tt0002271,nm0002271,director
tt0002272,nm0002272,director
tt0002273,nm0002273,director
tt0002274,nm0002274,director
tt0002275,nm0002275,director
tt0002276,nm0002276,director
tt0002277,nm0002277,director
tt0002278,nm0002278,director
tt0002279,nm0002279,director
tt0002280,nm0002280,director
tt0002281,nm0002281,director
tt0002282,nm0002282,director
tt0002283,nm0002283,director
tt0002284,nm0002284,director
tt0002285,nm0002285,director
tt0002286,nm0002286,director
tt0002287,nm0002287,director
tt0002288,nm0002288,director
tt0002289,nm0002289,director
tt0002290,nm0002290,director
tt0002291,nm0002291,director
tt0002292,nm0002292,director
tt0002293,nm0002293,director
tt0002294,nm0002294,director
tt0002295,nm0002295,director
tt0002296,nm0002296,director
tt0002297,nm0002297,director
tt0002298,nm0002298,director
tt0002299,nm0002299,director
tt0002300,nm0002300,director
tt0002301,nm0002301,director
tt0002302,nm0002302,director
tt0002303,nm0002303,director
tt0002304,nm0002304,director
tt0002305,nm0002305,director
tt0002306,nm0002306,director
tt0002307,nm0002307,director
tt0002308,nm0002308,director
tt0002309,nm0002309,director
tt0002310,nm0002310,director
tt0002311,nm0002311,director
tt0002312,nm0002312,director
tt0002313,nm0002313,director
tt0002314,nm0002314,director
tt0002315,nm0002315,director
tt0002316,nm0002316,director
tt0002317,nm0002317,director
tt0002318,nm0002318,director
tt0002319,nm0002319,director
tt0002320,nm0002320,director
tt0002321,nm0002321,director
tt0002322,nm0002322,director
tt0002323,nm0002323,director
tt0002324,nm0002324,director
tt0002325,nm0002325,director
tt0002326,nm0002326,director
tt0002327,nm0002327,director
tt0002328,nm0002328,director
tt0002329,nm0002329,director
tt0002330,nm0002330,director
tt0002331,nm0002331,director
tt0002332,nm0002332,director
tt0002333,nm0002333,director
tt0002334,nm0002334,director
tt0002335,nm0002335,director
tt0002336,nm0002336,director
tt0002337,nm0002337,director
tt0002338,nm0002338,director
tt0002339,nm0002339,director
tt0002340,nm0002340,director
tt0002341,nm0002341,director
tt0002342,nm0002342,director
tt0002343,nm0002343,director
tt0002344,nm0002344,director
tt0002345,nm0002345,director
tt0002346,nm0002346,director
tt0002347,nm0002347,director
tt0002348,nm0002348,director
tt0002349,nm0002349,director
tt0002350,nm0002350,director
tt0002351,nm0002351,director
tt0002352,nm0002352,director
tt0002353,nm0002353,director
tt0002354,nm0002354,director
tt0002355,nm0002355,director
tt0002356,nm0002356,director
tt0002357,nm0002357,director
tt0002358,nm0002358,director
tt0002359,nm0002359,director
tt0002360,nm0002360,director
tt0002361,nm0002361,director
tt0002362,nm0002362,director
tt0002363,nm0002363,director
tt0002364,nm0002364,director
tt0002365,nm0002365,director
tt0002366,nm0002366,director
tt0002367,nm0002367,director
tt0002368,nm0002368,director
tt0002369,nm0002369,director
tt0002370,nm0002370,director
tt0002371,nm0002371,director
tt0002372,nm0002372,director
tt0002373,nm0002373,director
tt0002374,nm0002374,director
tt0002375,nm0002375,director
tt0002376,nm0002376,director
tt0002377,nm0002377,director
tt0002378,nm0002378,director
tt0002379,nm0002379,director
tt0002380,nm0002380,director
tt0002381,nm0002381,director
tt0002382,nm0002382,director
tt0002383,nm0002383,director
tt0002384,nm0002384,director
tt0002385,nm0002385,director
tt0002386,nm0002386,director
tt0002387,nm0002387,director
tt0002388,nm0002388,director
tt0002389,nm0002389,director
tt0002390,nm0002390,director
tt0002391,nm0002391,director
tt0002392,nm0002392,director
tt0002393,nm0002393,director
tt0002394,nm0002394,director
tt0002395,nm0002395,director
tt0002396,nm0002396,director
tt0002397,nm0002397,director
tt0002398,nm0002398,director
tt0002399,nm0002399,director
tt0002400,nm0002400,director
tt0002401,nm0002401,director
tt0002402,nm0002402,director
tt0002403,nm0002403,director
tt0002404,nm0002404,director
tt0002405,nm0002405,director
tt0002406,nm0002406,director
tt0002407,nm0002407,director
tt0002408,nm0002408,director
tt0002409,nm0002409,director
tt0002410,nm0002410,director
tt0002411,nm0002411,director
tt0002412,nm0002412,director
tt0002413,nm0002413,director
tt0002414,nm0002414,director
tt0002415,nm0002415,director
tt0002416,nm0002416,director
tt0002417,nm0002417,director
tt0002418,nm0002418,director
tt0002419,nm0002419,director
tt0002420,nm0002420,director
tt0002421,nm0002421,director
tt0002422,nm0002422,director
tt0002423,nm0002423,director
tt0002424,nm0002424,director
tt0002425,nm0002425,director
tt0002426,nm0002426,director
tt0002427,nm0002427,director
tt0002428,nm0002428,director
tt0002429,nm0002429,director
tt0002430,nm0002430,director
tt0002431,nm0002431,director
tt0002432,nm0002432,director
tt0002433,nm0002433,director
tt0002434,nm0002434,director
tt0002435,nm0002435,director
tt0002436,nm0002436,director
tt0002437,nm0002437,director
tt0002438,nm0002438,director
tt0002439,nm0002439,director
tt0002440,nm0002440,director
tt0002441,nm0002441,director
tt0002442,nm0002442,director
tt0002443,nm0002443,director
tt0002444,nm0002444,director
tt0002445,nm0002445,director
tt0002446,nm0002446,director
tt0002447,nm0002447,director
tt0002448,nm0002448,director
tt0002449,nm0002449,director
tt0002450,nm0002450,director
tt0002451,nm0002451,director
tt0002452,nm0002452,director
tt0002453,nm0002453,director
tt0002454,nm0002454,director
tt0002455,nm0002455,director
tt0002456,nm0002456,director
tt0002457,nm0002457,director
tt0002458,nm0002458,director
tt0002459,nm0002459,director
tt0002460,nm0002460,director
tt0002461,nm0002461,director
tt0002462,nm0002462,director
tt0002463,nm0002463,director
tt0002464,nm0002464,director
tt0002465,nm0002465,director
tt0002466,nm0002466,director
tt0002467,nm0002467,director
tt0002468,nm0002468,director
tt0002469,nm0002469,director
tt0002470,nm0002470,director
tt0002471,nm0002471,director
tt0002472,nm0002472,director
tt0002473,nm0002473,director
tt0002474,nm0002474,director
tt0002475,nm0002475,director
tt0002476,nm0002476,director
tt0002477,nm0002477,director
tt0002478,nm0002478,director
tt0002479,nm0002479,director
tt0002480,nm0002480,director
tt0002481,nm0002481,director
tt0002482,nm0002482,director
tt0002483,nm0002483,director
tt0002484,nm0002484,director
tt0002485,nm0002485,director
tt0002486,nm0002486,director
tt0002487,nm0002487,director
tt0002488,nm0002488,director
tt0002489,nm0002489,director
tt0002490,nm0002490,director
tt0002491,nm0002491,director
tt0002492,nm0002492,director
tt0002493,nm0002493,director
tt0002494,nm0002494,director
tt0002495,nm0002495,director
tt0002496,nm0002496,director
tt0002497,nm0002497,director
tt0002498,nm0002498,director
tt0002499,nm0002499,director
tt0002500,nm0002500,director
tt0002501,nm0002501,director
tt0002502,nm0002502,director
tt0002503,nm0002503,director
tt0002504,nm0002504,director
tt0002505,nm0002505,director
tt0002506,nm0002506,director
tt0002507,nm0002507,director
tt0002508,nm0002508,director
tt0002509,nm0002509,director
tt0002510,nm0002510,director
tt0002511,nm0002511,director
tt0002512,nm0002512,director
tt0002513,nm0002513,director
tt0002514,nm0002514,director
tt0002515,nm0002515,director
tt0002516,nm0002516,director
tt0002517,nm0002517,director
tt0002518,nm0002518,director
tt0002519,nm0002519,director
tt0002520,nm0002520,director
tt0002521,nm0002521,director
tt0002522,nm0002522,director
tt0002523,nm0002523,director
tt0002524,nm0002524,director
tt0002525,nm0002525,director
tt0002526,nm0002526,director
tt0002527,nm0002527,director
tt0002528,nm0002528,director
tt0002529,nm0002529,director
tt0002530,nm0002530,director
tt0002531,nm0002531,director
tt0002532,nm0002532,director
tt0002533,nm0002533,director
tt0002534,nm0002534,director
tt0002535,nm0002535,director
tt0002536,nm0002536,director
tt0002537,nm0002537,director
tt0002538,nm0002538,director
tt0002539,nm0002539,director
tt0002540,nm0002540,director
tt0002541,nm0002541,director
tt0002542,nm0002542,director
tt0002543,nm0002543,director
tt0002544,nm0002544,director
tt0002545,nm0002545,director
tt0002546,nm0002546,director
tt0002547,nm0002547,director
tt0002548,nm0002548,director
tt0002549,nm0002549,director
tt0002550,nm0002550,director
tt0002551,nm0002551,director
tt0002552,nm0002552,director
tt0002553,nm0002553,director
tt0002554,nm0002554,director
tt0002555,nm0002555,director
tt0002556,nm0002556,director
tt0002557,nm0002557,director
tt0002558,nm0002558,director
tt0002559,nm0002559,director
tt0002560,nm0002560,director
tt0002561,nm0002561,director
tt0002562,nm0002562,director
tt0002563,nm0002563,director
tt0002564,nm0002564,director
tt0002565,nm0002565,director
tt0002566,nm0002566,director
tt0002567,nm0002567,director
tt0002568,nm0002568,director
tt0002569,nm0002569,director
tt0002570,nm0002570,director
tt0002571,nm0002571,director
tt0002572,nm0002572,director
tt0002573,nm0002573,director
tt0002574,nm0002574,director
tt0002575,nm0002575,director
tt0002576,nm0002576,director
tt0002577,nm0002577,director
tt0002578,nm0002578,director
tt0002579,nm0002579,director
tt0002580,nm0002580,director
tt0002581,nm0002581,director
tt0002582,nm0002582,director
tt0002583,nm0002583,director
tt0002584,nm0002584,director
tt0002585,nm0002585,director
tt0002586,nm0002586,director
tt0002587,nm0002587,director
tt0002588,nm0002588,director
tt0002589,nm0002589,director
tt0002590,nm0002590,director
tt0002591,nm0002591,director
tt0002592,nm0002592,director
tt0002593,nm0002593,director
tt0002594,nm0002594,director
tt0002595,nm0002595,director
tt0002596,nm0002596,director
tt0002597,nm0002597,director
tt0002598,nm0002598,director
tt0002599,nm0002599,director
tt0002600,nm0002600,director
tt0002601,nm0002601,director
tt0002602,nm0002602,director
tt0002603,nm0002603,director
tt0002604,nm0002604,director
tt0002605,nm0002605,director
tt0002606,nm0002606,director
tt0002607,nm0002607,director
tt0002608,nm0002608,director
tt0002609,nm0002609,director
tt0002610,nm0002610,director
tt0002611,nm0002611,director
tt0002612,nm0002612,director
tt0002613,nm0002613,director
tt0002614,nm0002614,director
tt0002615,nm0002615,director
tt0002616,nm0002616,director
tt0002617,nm0002617,director
tt0002618,nm0002618,director
tt0002619,nm0002619,director
tt0002620,nm0002620,director
tt0002621,nm0002621,director
tt0002622,nm0002622,director
tt0002623,nm0002623,director
tt0002624,nm0002624,director
tt0002625,nm0002625,director
tt0002626,nm0002626,director
tt0002627,nm0002627,director
tt0002628,nm0002628,director
tt0002629,nm0002629,director
tt0002630,nm0002630,director
tt0002631,nm0002631,director
tt0002632,nm0002632,director
tt0002633,nm0002633,director
tt0002634,nm0002634,director
tt0002635,nm0002635,director
tt0002636,nm0002636,director
tt0002637,nm0002637,director
tt0002638,nm0002638,director
tt0002639,nm0002639,director
tt0002640,nm0002640,director
tt0002641,nm0002641,director
tt0002642,nm0002642,director
tt0002643,nm0002643,director
tt0002644,nm0002644,director
tt0002645,nm0002645,director
tt0002646,nm0002646,director
tt0002647,nm0002647,director
tt0002648,nm0002648,director
tt0002649,nm0002649,director
tt0002650,nm0002650,director
tt0002651,nm0002651,director
tt0002652,nm0002652,director
tt0002653,nm0002653,director
tt0002654,nm0002654,director
tt0002655,nm0002655,director
tt0002656,nm0002656,director
tt0002657,nm0002657,director
tt0002658,nm0002658,director
tt0002659,nm0002659,director
tt0002660,nm0002660,director
tt0002661,nm0002661,director
tt0002662,nm0002662,director
tt0002663,nm0002663,director
tt0002664,nm0002664,director
tt0002665,nm0002665,director
tt0002666,nm0002666,director
tt0002667,nm0002667,director
tt0002668,nm0002668,director
tt0002669,nm0002669,director
tt0002670,nm0002670,director
tt0002671,nm0002671,director
tt0002672,nm0002672,director
tt0002673,nm0002673,director
tt0002674,nm0002674,director
tt0002675,nm0002675,director
tt0002676,nm0002676,director
tt0002677,nm0002677,director
tt0002678,nm0002678,director
tt0002679,nm0002679,director
tt0002680,nm0002680,director
tt0002681,nm0002681,director
tt0002682,nm0002682,director
tt0002683,nm0002683,director
tt0002684,nm0002684,director
tt0002685,nm0002685,director
tt0002686,nm0002686,director
tt0002687,nm0002687,director
tt0002688,nm0002688,director
tt0002689,nm0002689,director
tt0002690,nm0002690,director
tt0002691,nm0002691,director
tt0002692,nm0002692,director
tt0002693,nm0002693,director
tt0002694,nm0002694,director
tt0002695,nm0002695,director
tt0002696,nm0002696,director
tt0002697,nm0002697,director
tt0002698,nm0002698,director
tt0002699,nm0002699,director
tt0002700,nm0002700,director
tt0002701,nm0002701,director
tt0002702,nm0002702,director
tt0002703,nm0002703,director
tt0002704,nm0002704,director
tt0002705,nm0002705,director
tt0002706,nm0002706,director
tt0002707,nm0002707,director
tt0002708,nm0002708,director
tt0002709,nm0002709,director
tt0002710,nm0002710,director
tt0002711,nm0002711,director
tt0002712,nm0002712,director
tt0002713,nm0002713,director
tt0002714,nm0002714,director
tt0002715,nm0002715,director
tt0002716,nm0002716,director
tt0002717,nm0002717,director
tt0002718,nm0002718,director
tt0002719,nm0002719,director
tt0002720,nm0002720,director
tt0002721,nm0002721,director
tt0002722,nm0002722,director
tt0002723,nm0002723,director
tt0002724,nm0002724,director
tt0002725,nm0002725,director
tt0002726,nm0002726,director
tt0002727,nm0002727,director
tt0002728,nm0002728,director
tt0002729,nm0002729,director
tt0002730,nm0002730,director
tt0002731,nm0002731,director
tt0002732,nm0002732,director
tt0002733,nm0002733,director
tt0002734,nm0002734,director
tt0002735,nm0002735,director
tt0002736,nm0002736,director
tt0002737,nm0002737,director
tt0002738,nm0002738,director
tt0002739,nm0002739,director
tt0002740,nm0002740,director
tt0002741,nm0002741,director
tt0002742,nm0002742,director
tt0002743,nm0002743,director
tt0002744,nm0002744,director
tt0002745,nm0002745,director
tt0002746,nm0002746,director
tt0002747,nm0002747,director
tt0002748,nm0002748,director
tt0002749,nm0002749,director
tt0002750,nm0002750,director
tt0002751,nm0002751,director
tt0002752,nm0002752,director
tt0002753,nm0002753,director
tt0002754,nm0002754,director
tt0002755,nm0002755,director
tt0002756,nm0002756,director
tt0002757,nm0002757,director
tt0002758,nm0002758,director
tt0002759,nm0002759,director
tt0002760,nm0002760,director
tt0002761,nm0002761,director
tt0002762,nm0002762,director
tt0002763,nm0002763,director
tt0002764,nm0002764,director
tt0002765,nm0002765,director
tt0002766,nm0002766,director
tt0002767,nm0002767,director
tt0002768,nm0002768,director
tt0002769,nm0002769,director
tt0002770,nm0002770,director
tt0002771,nm0002771,director
tt0002772,nm0002772,director
tt0002773,nm0002773,director
tt0002774,nm0002774,director
tt0002775,nm0002775,director
tt0002776,nm0002776,director
tt0002777,nm0002777,director
tt0002778,nm0002778,director
tt0002779,nm0002779,director
tt0002780,nm0002780,director
tt0002781,nm0002781,director
tt0002782,nm0002782,director
tt0002783,nm0002783,director
tt0002784,nm0002784,director
tt0002785,nm0002785,director
tt0002786,nm0002786,director
tt0002787,nm0002787,director
tt0002788,nm0002788,director
tt0002789,nm0002789,director
tt0002790,nm0002790,director
tt0002791,nm0002791,director
tt0002792,nm0002792,director
tt0002793,nm0002793,director
tt0002794,nm0002794,director
tt0002795,nm0002795,director
tt0002796,nm0002796,director
tt0002797,nm0002797,director
tt0002798,nm0002798,director
tt0002799,nm0002799,director
tt0002800,nm0002800,director
tt0002801,nm0002801,director
tt0002802,nm0002802,director
tt0002803,nm0002803,director
tt0002804,nm0002804,director
tt0002805,nm0002805,director
tt0002806,nm0002806,director
tt0002807,nm0002807,director
tt0002808,nm0002808,director
tt0002809,nm0002809,director
tt0002810,nm0002810,director
tt0002811,nm0002811,director
tt0002812,nm0002812,director
tt0002813,nm0002813,director
tt0002814,nm0002814,director
tt0002815,nm0002815,director
tt0002816,nm0002816,director
tt0002817,nm0002817,director
tt0002818,nm0002818,director
tt0002819,nm0002819,director
tt0002820,nm0002820,director
tt0002821,nm0002821,director
tt0002822,nm0002822,director
tt0002823,nm0002823,director
tt0002824,nm0002824,director
tt0002825,nm0002825,director
tt0002826,nm0002826,director
tt0002827,nm0002827,director
tt0002828,nm0002828,director
tt0002829,nm0002829,director
tt0002830,nm0002830,director
tt0002831,nm0002831,director
tt0002832,nm0002832,director
tt0002833,nm0002833,director
tt0002834,nm0002834,director
tt0002835,nm0002835,director
tt0002836,nm0002836,director
tt0002837,nm0002837,director
tt0002838,nm0002838,director
tt0002839,nm0002839,director
tt0002840,nm0002840,director
tt0002841,nm0002841,director
tt0002842,nm0002842,director
tt0002843,nm0002843,director
tt0002844,nm0002844,director
tt0002845,nm0002845,director
tt0002846,nm0002846,director
tt0002847,nm0002847,director
tt0002848,nm0002848,director
tt0002849,nm0002849,director
tt0002850,nm0002850,director
tt0002851,nm0002851,director
tt0002852,nm0002852,director
tt0002853,nm0002853,director
tt0002854,nm0002854,director
tt0002855,nm0002855,director
tt0002856,nm0002856,director
tt0002857,nm0002857,director
tt0002858,nm0002858,director
tt0002859,nm0002859,director
tt0002860,nm0002860,director
tt0002861,nm0002861,director
tt0002862,nm0002862,director
tt0002863,nm0002863,director
tt0002864,nm0002864,director
tt0002865,nm0002865,director
tt0002866,nm0002866,director
tt0002867,nm0002867,director
tt0002868,nm0002868,director
tt0002869,nm0002869,director
tt0002870,nm0002870,director
tt0002871,nm0002871,director
tt0002872,nm0002872,director
tt0002873,nm0002873,director
tt0002874,nm0002874,director
tt0002875,nm0002875,director
tt0002876,nm0002876,director
tt0002877,nm0002877,director
tt0002878,nm0002878,director
tt0002879,nm0002879,director
tt0002880,nm0002880,director
tt0002881,nm0002881,director
tt0002882,nm0002882,director
tt0002883,nm0002883,director
tt0002884,nm0002884,director
tt0002885,nm0002885,director
tt0002886,nm0002886,director
tt0002887,nm0002887,director
tt0002888,nm0002888,director
tt0002889,nm0002889,director
tt0002890,nm0002890,director
tt0002891,nm0002891,director
tt0002892,nm0002892,director
tt0002893,nm0002893,director
tt0002894,nm0002894,director
tt0002895,nm0002895,director
tt0002896,nm0002896,director
tt0002897,nm0002897,director
tt0002898,nm0002898,director
tt0002899,nm0002899,director
tt0002900,nm0002900,director
tt0002901,nm0002901,director
tt0002902,nm0002902,director
tt0002903,nm0002903,director
tt0002904,nm0002904,director
tt0002905,nm0002905,director
tt0002906,nm0002906,director
tt0002907,nm0002907,director
tt0002908,nm0002908,director
tt0002909,nm0002909,director
tt0002910,nm0002910,director
tt0002911,nm0002911,director
tt0002912,nm0002912,director
tt0002913,nm0002913,director
tt0002914,nm0002914,director
tt0002915,nm0002915,director
tt0002916,nm0002916,director
tt0002917,nm0002917,director
tt0002918,nm0002918,director
tt0002919,nm0002919,director
tt0002920,nm0002920,director
tt0002921,nm0002921,director
tt0002922,nm0002922,director
tt0002923,nm0002923,director
tt0002924,nm0002924,director
tt0002925,nm0002925,director
tt0002926,nm0002926,director
tt0002927,nm0002927,director
tt0002928,nm0002928,director
tt0002929,nm0002929,director
tt0002930,nm0002930,director
tt0002931,nm0002931,director
tt0002932,nm0002932,director
tt0002933,nm0002933,director
tt0002934,nm0002934,director
tt0002935,nm0002935,director
tt0002936,nm0002936,director
tt0002937,nm0002937,director
tt0002938,nm0002938,director
tt0002939,nm0002939,director
tt0002940,nm0002940,director
tt0002941,nm0002941,director
tt0002942,nm0002942,director
tt0002943,nm0002943,director
tt0002944,nm0002944,director
tt0002945,nm0002945,director
tt0002946,nm0002946,director
tt0002947,nm0002947,director
tt0002948,nm0002948,director
tt0002949,nm0002949,director
tt0002950,nm0002950,director
tt0002951,nm0002951,director
tt0002952,nm0002952,director
tt0002953,nm0002953,director
tt0002954,nm0002954,director
tt0002955,nm0002955,director
tt0002956,nm0002956,director
tt0002957,nm0002957,director
tt0002958,nm0002958,director
tt0002959,nm0002959,director
tt0002960,nm0002960,director
tt0002961,nm0002961,director
tt0002962,nm0002962,director
tt0002963,nm0002963,director
tt0002964,nm0002964,director
tt0002965,nm0002965,director
tt0002966,nm0002966,director
tt0002967,nm0002967,director
tt0002968,nm0002968,director
tt0002969,nm0002969,director
tt0002970,nm0002970,director
tt0002971,nm0002971,director
tt0002972,nm0002972,director
tt0002973,nm0002973,director
tt0002974,nm0002974,director
tt0002975,nm0002975,director
tt0002976,nm0002976,director
tt0002977,nm0002977,director
tt0002978,nm0002978,director
tt0002979,nm0002979,director
tt0002980,nm0002980,director
tt0002981,nm0002981,director
tt0002982,nm0002982,director
tt0002983,nm0002983,director
tt0002984,nm0002984,director
tt0002985,nm0002985,director
tt0002986,nm0002986,director
tt0002987,nm0002987,director
tt0002988,nm0002988,director
tt0002989,nm0002989,director
tt0002990,nm0002990,director
tt0002991,nm0002991,director
tt0002992,nm0002992,director
tt0002993,nm0002993,director
tt0002994,nm0002994,director
tt0002995,nm0002995,director
tt0002996,nm0002996,director
tt0002997,nm0002997,director
tt0002998,nm0002998,director
tt0002999,nm0002999,director
tt0003000,nm0003000,director
tt0003001,nm0003001,director
tt0003002,nm0003002,director
tt0003003,nm0003003,director
tt0003004,nm0003004,director
tt0003005,nm0003005,director
tt0003006,nm0003006,director
tt0003007,nm0003007,director
tt0003008,nm0003008,director
tt0003009,nm0003009,director
tt0003010,nm0003010,director
tt0003011,nm0003011,director
tt0003012,nm0003012,director
tt0003013,nm0003013,director
tt0003014,nm0003014,director
tt0003015,nm0003015,director
tt0003016,nm0003016,director
tt0003017,nm0003017,director
tt0003018,nm0003018,director
tt0003019,nm0003019,director
tt0003020,nm0003020,director
tt0003021,nm0003021,director
tt0003022,nm0003022,director
tt0003023,nm0003023,director
tt0003024,nm0003024,director
tt0003025,nm0003025,director
tt0003026,nm0003026,director
tt0003027,nm0003027,director
tt0003028,nm0003028,director
tt0003029,nm0003029,director
tt0003030,nm0003030,director
tt0003031,nm0003031,director
tt0003032,nm0003032,director
tt0003033,nm0003033,director
tt0003034,nm0003034,director
tt0003035,nm0003035,director
tt0003036,nm0003036,director
tt0003037,nm0003037,director
tt0003038,nm0003038,director
tt0003039,nm0003039,director
tt0003040,nm0003040,director
tt0003041,nm0003041,director
tt0003042,nm0003042,director
tt0003043,nm0003043,director
tt0003044,nm0003044,director
tt0003045,nm0003045,director
tt0003046,nm0003046,director
tt0003047,nm0003047,director
tt0003048,nm0003048,director
tt0003049,nm0003049,director
tt0003050,nm0003050,director
tt0003051,nm0003051,director
tt0003052,nm0003052,director
tt0003053,nm0003053,director
tt0003054,nm0003054,director
tt0003055,nm0003055,director
tt0003056,nm0003056,director
tt0003057,nm0003057,director
tt0003058,nm0003058,director
tt0003059,nm0003059,director
tt0003060,nm0003060,director
tt0003061,nm0003061,director
tt0003062,nm0003062,director
tt0003063,nm0003063,director
tt0003064,nm0003064,director
tt0003065,nm0003065,director
tt0003066,nm0003066,director
tt0003067,nm0003067,director
tt0003068,nm0003068,director
tt0003069,nm0003069,director
tt0003070,nm0003070,director
tt0003071,nm0003071,director
tt0003072,nm0003072,director
tt0003073,nm0003073,director
tt0003074,nm0003074,director
tt0003075,nm0003075,director
tt0003076,nm0003076,director
tt0003077,nm0003077,director
tt0003078,nm0003078,director
tt0003079,nm0003079,director
tt0003080,nm0003080,director
tt0003081,nm0003081,director
tt0003082,nm0003082,director
tt0003083,nm0003083,director
tt0003084,nm0003084,director
tt0003085,nm0003085,director
tt0003086,nm0003086,director
tt0003087,nm0003087,director
tt0003088,nm0003088,director
tt0003089,nm0003089,director
tt0003090,nm0003090,director
tt0003091,nm0003091,director
tt0003092,nm0003092,director
tt0003093,nm0003093,director
tt0003094,nm0003094,director
tt0003095,nm0003095,director
tt0003096,nm0003096,director
tt0003097,nm0003097,director
tt0003098,nm0003098,director
tt0003099,nm0003099,director
tt0003100,nm0003100,director
tt0003101,nm0003101,director
tt0003102,nm0003102,director
tt0003103,nm0003103,director
tt0003104,nm0003104,director
tt0003105,nm0003105,director
tt0003106,nm0003106,director
tt0003107,nm0003107,director
tt0003108,nm0003108,director
tt0003109,nm0003109,director
tt0003110,nm0003110,director
tt0003111,nm0003111,director
tt0003112,nm0003112,director
tt0003113,nm0003113,director
tt0003114,nm0003114,director
tt0003115,nm0003115,director
tt0003116,nm0003116,director
tt0003117,nm0003117,director
tt0003118,nm0003118,director
tt0003119,nm0003119,director
tt0003120,nm0003120,director
tt0003121,nm0003121,director
tt0003122,nm0003122,director
tt0003123,nm0003123,director
tt0003124,nm0003124,director
tt0003125,nm0003125,director
tt0003126,nm0003126,director
tt0003127,nm0003127,director
tt0003128,nm0003128,director
tt0003129,nm0003129,director
tt0003130,nm0003130,director
tt0003131,nm0003131,director
tt0003132,nm0003132,director
tt0003133,nm0003133,director
tt0003134,nm0003134,director
tt0003135,nm0003135,director
tt0003136,nm0003136,director
tt0003137,nm0003137,director
tt0003138,nm0003138,director
tt0003139,nm0003139,director
tt0003140,nm0003140,director
tt0003141,nm0003141,director
tt0003142,nm0003142,director
tt0003143,nm0003143,director
tt0003144,nm0003144,director
tt0003145,nm0003145,director
tt0003146,nm0003146,director
tt0003147,nm0003147,director
tt0003148,nm0003148,director
tt0003149,nm0003149,director
tt0003150,nm0003150,director
tt0003151,nm0003151,director
tt0003152,nm0003152,director
tt0003153,nm0003153,director
tt0003154,nm0003154,director
tt0003155,nm0003155,director
tt0003156,nm0003156,director
tt0003157,nm0003157,director
tt0003158,nm0003158,director
tt0003159,nm0003159,director
tt0003160,nm0003160,director
tt0003161,nm0003161,director
tt0003162,nm0003162,director
tt0003163,nm0003163,director
tt0003164,nm0003164,director
tt0003165,nm0003165,director
tt0003166,nm0003166,director
tt0003167,nm0003167,director
tt0003168,nm0003168,director
tt0003169,nm0003169,director
tt0003170,nm0003170,director
tt0003171,nm0003171,director
tt0003172,nm0003172,director
tt0003173,nm0003173,director
tt0003174,nm0003174,director
tt0003175,nm0003175,director
tt0003176,nm0003176,director
tt0003177,nm0003177,director
tt0003178,nm0003178,director
tt0003179,nm0003179,director
tt0003180,nm0003180,director
tt0003181,nm0003181,director
tt0003182,nm0003182,director
tt0003183,nm0003183,director
tt0003184,nm0003184,director
tt0003185,nm0003185,director
tt0003186,nm0003186,director
tt0003187,nm0003187,director
tt0003188,nm0003188,director
tt0003189,nm0003189,director
tt0003190,nm0003190,director
tt0003191,nm0003191,director
tt0003192,nm0003192,director
tt0003193,nm0003193,director
tt0003194,nm0003194,director
tt0003195,nm0003195,director
tt0003196,nm0003196,director
tt0003197,nm0003197,director
tt0003198,nm0003198,director
tt0003199,nm0003199,director
tt0003200,nm0003200,director
tt0003201,nm0003201,director
tt0003202,nm0003202,director
tt0003203,nm0003203,director
tt0003204,nm0003204,director
tt0003205,nm0003205,director
tt0003206,nm0003206,director
tt0003207,nm0003207,director
tt0003208,nm0003208,director
tt0003209,nm0003209,director
tt0003210,nm0003210,director
tt0003211,nm0003211,director
tt0003212,nm0003212,director
tt0003213,nm0003213,director
tt0003214,nm0003214,director
tt0003215,nm0003215,director
tt0003216,nm0003216,director
tt0003217,nm0003217,director
tt0003218,nm0003218,director
tt0003219,nm0003219,director
tt0003220,nm0003220,director
tt0003221,nm0003221,director
tt0003222,nm0003222,director
tt0003223,nm0003223,director
tt0003224,nm0003224,director
tt0003225,nm0003225,director
tt0003226,nm0003226,director
tt0003227,nm0003227,director
tt0003228,nm0003228,director
tt0003229,nm0003229,director
tt0003230,nm0003230,director
tt0003231,nm0003231,director
tt0003232,nm0003232,director
tt0003233,nm0003233,director
tt0003234,nm0003234,director
tt0003235,nm0003235,director
tt0003236,nm0003236,director
tt0003237,nm0003237,director
tt0003238,nm0003238,director
tt0003239,nm0003239,director
tt0003240,nm0003240,director
tt0003241,nm0003241,director
tt0003242,nm0003242,director
tt0003243,nm0003243,director
tt0003244,nm0003244,director
tt0003245,nm0003245,director
tt0003246,nm0003246,director
tt0003247,nm0003247,director
tt0003248,nm0003248,director
tt0003249,nm0003249,director
tt0003250,nm0003250,director
tt0003251,nm0003251,director
tt0003252,nm0003252,director
tt0003253,nm0003253,director
tt0003254,nm0003254,director
tt0003255,nm0003255,director
tt0003256,nm0003256,director
tt0003257,nm0003257,director
tt0003258,nm0003258,director
tt0003259,nm0003259,director
tt0003260,nm0003260,director
tt0003261,nm0003261,director
tt0003262,nm0003262,director
tt0003263,nm0003263,director
tt0003264,nm0003264,director
tt0003265,nm0003265,director
tt0003266,nm0003266,director
tt0003267,nm0003267,director
tt0003268,nm0003268,director
tt0003269,nm0003269,director
tt0003270,nm0003270,director
tt0003271,nm0003271,director
tt0003272,nm0003272,director
tt0003273,nm0003273,director
tt0003274,nm0003274,director
tt0003275,nm0003275,director
tt0003276,nm0003276,director
tt0003277,nm0003277,director
tt0003278,nm0003278,director
tt0003279,nm0003279,director
tt0003280,nm0003280,director
tt0003281,nm0003281,director
tt0003282,nm0003282,director
tt0003283,nm0003283,director
tt0003284,nm0003284,director
tt0003285,nm0003285,director
tt0003286,nm0003286,director
tt0003287,nm0003287,director
tt0003288,nm0003288,director
tt0003289,nm0003289,director
tt0003290,nm0003290,director
tt0003291,nm0003291,director
tt0003292,nm0003292,director
tt0003293,nm0003293,director
tt0003294,nm0003294,director
tt0003295,nm0003295,director
tt0003296,nm0003296,director
tt0003297,nm0003297,director
tt0003298,nm0003298,director
tt0003299,nm0003299,director
tt0003300,nm0003300,director
tt0003301,nm0003301,director
tt0003302,nm0003302,director
tt0003303,nm0003303,director
tt0003304,nm0003304,director
tt0003305,nm0003305,director
tt0003306,nm0003306,director
tt0003307,nm0003307,director
tt0003308,nm0003308,director
tt0003309,nm0003309,director
tt0003310,nm0003310,director
tt0003311,nm0003311,director
tt0003312,nm0003312,director
tt0003313,nm0003313,director
tt0003314,nm0003314,director
tt0003315,nm0003315,director
tt0003316,nm0003316,director
tt0003317,nm0003317,director
tt0003318,nm0003318,director
tt0003319,nm0003319,director
tt0003320,nm0003320,director
tt0003321,nm0003321,director
tt0003322,nm0003322,director
tt0003323,nm0003323,director
tt0003324,nm0003324,director
tt0003325,nm0003325,director
tt0003326,nm0003326,director
tt0003327,nm0003327,director
tt0003328,nm0003328,director
tt0003329,nm0003329,director
tt0003330,nm0003330,director
tt0003331,nm0003331,director
tt0003332,nm0003332,director
tt0003333,nm0003333,director
tt0003334,nm0003334,director
tt0003335,nm0003335,director
tt0003336,nm0003336,director
tt0003337,nm0003337,director
tt0003338,nm0003338,director
tt0003339,nm0003339,director
tt0003340,nm0003340,director
tt0003341,nm0003341,director
tt0003342,nm0003342,director
tt0003343,nm0003343,director
tt0003344,nm0003344,director
tt0003345,nm0003345,director
tt0003346,nm0003346,director
tt0003347,nm0003347,director
tt0003348,nm0003348,director
tt0003349,nm0003349,director
tt0003350,nm0003350,director
tt0003351,nm0003351,director
tt0003352,nm0003352,director
tt0003353,nm0003353,director
tt0003354,nm0003354,director
tt0003355,nm0003355,director
tt0003356,nm0003356,director
tt0003357,nm0003357,director
tt0003358,nm0003358,director
tt0003359,nm0003359,director
tt0003360,nm0003360,director
tt0003361,nm0003361,director
tt0003362,nm0003362,director
tt0003363,nm0003363,director
tt0003364,nm0003364,director
tt0003365,nm0003365,director
tt0003366,nm0003366,director
tt0003367,nm0003367,director
tt0003368,nm0003368,director
tt0003369,nm0003369,director
tt0003370,nm0003370,director
tt0003371,nm0003371,director
tt0003372,nm0003372,director
tt0003373,nm0003373,director
tt0003374,nm0003374,director
tt0003375,nm0003375,director
tt0003376,nm0003376,director
tt0003377,nm0003377,director
tt0003378,nm0003378,director
tt0003379,nm0003379,director
tt0003380,nm0003380,director
tt0003381,nm0003381,director
tt0003382,nm0003382,director
tt0003383,nm0003383,director
tt0003384,nm0003384,director
tt0003385,nm0003385,director
tt0003386,nm0003386,director
tt0003387,nm0003387,director
tt0003388,nm0003388,director
tt0003389,nm0003389,director
tt0003390,nm0003390,director
tt0003391,nm0003391,director
tt0003392,nm0003392,director
tt0003393,nm0003393,director
tt0003394,nm0003394,director
tt0003395,nm0003395,director
tt0003396,nm0003396,director
tt0003397,nm0003397,director
tt0003398,nm0003398,director
tt0003399,nm0003399,director
tt0003400,nm0003400,director
tt0003401,nm0003401,director
tt0003402,nm0003402,director
tt0003403,nm0003403,director
tt0003404,nm0003404,director
tt0003405,nm0003405,director
tt0003406,nm0003406,director
tt0003407,nm0003407,director
tt0003408,nm0003408,director
tt0003409,nm0003409,director
tt0003410,nm0003410,director
tt0003411,nm0003411,director
tt0003412,nm0003412,director
tt0003413,nm0003413,director
tt0003414,nm0003414,director
tt0003415,nm0003415,director
tt0003416,nm0003416,director
tt0003417,nm0003417,director
tt0003418,nm0003418,director
tt0003419,nm0003419,director
tt0003420,nm0003420,director
tt0003421,nm0003421,director
tt0003422,nm0003422,director
tt0003423,nm0003423,director
tt0003424,nm0003424,director
tt0003425,nm0003425,director
tt0003426,nm0003426,director
tt0003427,nm0003427,director
tt0003428,nm0003428,director
tt0003429,nm0003429,director
tt0003430,nm0003430,director
tt0003431,nm0003431,director
tt0003432,nm0003432,director
tt0003433,nm0003433,director
tt0003434,nm0003434,director
tt0003435,nm0003435,director
tt0003436,nm0003436,director
tt0003437,nm0003437,director
tt0003438,nm0003438,director
tt0003439,nm0003439,director
tt0003440,nm0003440,director
tt0003441,nm0003441,director
tt0003442,nm0003442,director
tt0003443,nm0003443,director
tt0003444,nm0003444,director
tt0003445,nm0003445,director
tt0003446,nm0003446,director
tt0003447,nm0003447,director
tt0003448,nm0003448,director
tt0003449,nm0003449,director
tt0003450,nm0003450,director
tt0003451,nm0003451,director
tt0003452,nm0003452,director
tt0003453,nm0003453,director
tt0003454,nm0003454,director
tt0003455,nm0003455,director
tt0003456,nm0003456,director
tt0003457,nm0003457,director
tt0003458,nm0003458,director
tt0003459,nm0003459,director
tt0003460,nm0003460,director
tt0003461,nm0003461,director
tt0003462,nm0003462,director
tt0003463,nm0003463,director
tt0003464,nm0003464,director
tt0003465,nm0003465,director
tt0003466,nm0003466,director
tt0003467,nm0003467,director
tt0003468,nm0003468,director
tt0003469,nm0003469,director
tt0003470,nm0003470,director
tt0003471,nm0003471,director
tt0003472,nm0003472,director
tt0003473,nm0003473,director
tt0003474,nm0003474,director
tt0003475,nm0003475,director
tt0003476,nm0003476,director
tt0003477,nm0003477,director
tt0003478,nm0003478,director
tt0003479,nm0003479,director
tt0003480,nm0003480,director
tt0003481,nm0003481,director
tt0003482,nm0003482,director
tt0003483,nm0003483,director
tt0003484,nm0003484,director
tt0003485,nm0003485,director
tt0003486,nm0003486,director
tt0003487,nm0003487,director
tt0003488,nm0003488,director
tt0003489,nm0003489,director
tt0003490,nm0003490,director
tt0003491,nm0003491,director
tt0003492,nm0003492,director
tt0003493,nm0003493,director
tt0003494,nm0003494,director
tt0003495,nm0003495,director
tt0003496,nm0003496,director
tt0003497,nm0003497,director
tt0003498,nm0003498,director
tt0003499,nm0003499,director
tt0003500,nm0003500,director
tt0003501,nm0003501,director
tt0003502,nm0003502,director
tt0003503,nm0003503,director
tt0003504,nm0003504,director
tt0003505,nm0003505,director
tt0003506,nm0003506,director
tt0003507,nm0003507,director
tt0003508,nm0003508,director
tt0003509,nm0003509,director
tt0003510,nm0003510,director
tt0003511,nm0003511,director
tt0003512,nm0003512,director
tt0003513,nm0003513,director
tt0003514,nm0003514,director
tt0003515,nm0003515,director
tt0003516,nm0003516,director
tt0003517,nm0003517,director
tt0003518,nm0003518,director
tt0003519,nm0003519,director
tt0003520,nm0003520,director
tt0003521,nm0003521,director
tt0003522,nm0003522,director
tt0003523,nm0003523,director
tt0003524,nm0003524,director
tt0003525,nm0003525,director
tt0003526,nm0003526,director
tt0003527,nm0003527,director
tt0003528,nm0003528,director
tt0003529,nm0003529,director
tt0003530,nm0003530,director
tt0003531,nm0003531,director
tt0003532,nm0003532,director
tt0003533,nm0003533,director
tt0003534,nm0003534,director
tt0003535,nm0003535,director
tt0003536,nm0003536,director
tt0003537,nm0003537,director
tt0003538,nm0003538,director
tt0003539,nm0003539,director
tt0003540,nm0003540,director
tt0003541,nm0003541,director
tt0003542,nm0003542,director
tt0003543,nm0003543,director
tt0003544,nm0003544,director
tt0003545,nm0003545,director
tt0003546,nm0003546,director
tt0003547,nm0003547,director
tt0003548,nm0003548,director
tt0003549,nm0003549,director
tt0003550,nm0003550,director
tt0003551,nm0003551,director
tt0003552,nm0003552,director
tt0003553,nm0003553,director
tt0003554,nm0003554,director
tt0003555,nm0003555,director
tt0003556,nm0003556,director
tt0003557,nm0003557,director
tt0003558,nm0003558,director
tt0003559,nm0003559,director
tt0003560,nm0003560,director
tt0003561,nm0003561,director
tt0003562,nm0003562,director
tt0003563,nm0003563,director
tt0003564,nm0003564,director
tt0003565,nm0003565,director
tt0003566,nm0003566,director
tt0003567,nm0003567,director
tt0003568,nm0003568,director
tt0003569,nm0003569,director
tt0003570,nm0003570,director
tt0003571,nm0003571,director
tt0003572,nm0003572,director
tt0003573,nm0003573,director
tt0003574,nm0003574,director
tt0003575,nm0003575,director
tt0003576,nm0003576,director
tt0003577,nm0003577,director
tt0003578,nm0003578,director
tt0003579,nm0003579,director
tt0003580,nm0003580,director
tt0003581,nm0003581,director
tt0003582,nm0003582,director
tt0003583,nm0003583,director
tt0003584,nm0003584,director
tt0003585,nm0003585,director
tt0003586,nm0003586,director
tt0003587,nm0003587,director
tt0003588,nm0003588,director
tt0003589,nm0003589,director
tt0003590,nm0003590,director
tt0003591,nm0003591,director
tt0003592,nm0003592,director
tt0003593,nm0003593,director
tt0003594,nm0003594,director
tt0003595,nm0003595,director
tt0003596,nm0003596,director
tt0003597,nm0003597,director
tt0003598,nm0003598,director
tt0003599,nm0003599,director
tt0003600,nm0003600,director
tt0003601,nm0003601,director
tt0003602,nm0003602,director
tt0003603,nm0003603,director
tt0003604,nm0003604,director
tt0003605,nm0003605,director
tt0003606,nm0003606,director
tt0003607,nm0003607,director
tt0003608,nm0003608,director
tt0003609,nm0003609,director
tt0003610,nm0003610,director
tt0003611,nm0003611,director
tt0003612,nm0003612,director
tt0003613,nm0003613,director
tt0003614,nm0003614,director
tt0003615,nm0003615,director
tt0003616,nm0003616,director
tt0003617,nm0003617,director
tt0003618,nm0003618,director
tt0003619,nm0003619,director
tt0003620,nm0003620,director
tt0003621,nm0003621,director
tt0003622,nm0003622,director
tt0003623,nm0003623,director
tt0003624,nm0003624,director
tt0003625,nm0003625,director
tt0003626,nm0003626,director
tt0003627,nm0003627,director
tt0003628,nm0003628,director
tt0003629,nm0003629,director
tt0003630,nm0003630,director
tt0003631,nm0003631,director
tt0003632,nm0003632,director
tt0003633,nm0003633,director
tt0003634,nm0003634,director
tt0003635,nm0003635,director
tt0003636,nm0003636,director
tt0003637,nm0003637,director
tt0003638,nm0003638,director
tt0003639,nm0003639,director
tt0003640,nm0003640,director
tt0003641,nm0003641,director
tt0003642,nm0003642,director
tt0003643,nm0003643,director
tt0003644,nm0003644,director
tt0003645,nm0003645,director
tt0003646,nm0003646,director
tt0003647,nm0003647,director
tt0003648,nm0003648,director
tt0003649,nm0003649,director
tt0003650,nm0003650,director
tt0003651,nm0003651,director
tt0003652,nm0003652,director
tt0003653,nm0003653,director
tt0003654,nm0003654,director
tt0003655,nm0003655,director
tt0003656,nm0003656,director
tt0003657,nm0003657,director
tt0003658,nm0003658,director
tt0003659,nm0003659,director
tt0003660,nm0003660,director
tt0003661,nm0003661,director
tt0003662,nm0003662,director
tt0003663,nm0003663,director
tt0003664,nm0003664,director
tt0003665,nm0003665,director
tt0003666,nm0003666,director
tt0003667,nm0003667,director
tt0003668,nm0003668,director
tt0003669,nm0003669,director
tt0003670,nm0003670,director
tt0003671,nm0003671,director
tt0003672,nm0003672,director
tt0003673,nm0003673,director
tt0003674,nm0003674,director
tt0003675,nm0003675,director
tt0003676,nm0003676,director
tt0003677,nm0003677,director
tt0003678,nm0003678,director
tt0003679,nm0003679,director
tt0003680,nm0003680,director
tt0003681,nm0003681,director
tt0003682,nm0003682,director
tt0003683,nm0003683,director
tt0003684,nm0003684,director
tt0003685,nm0003685,director
tt0003686,nm0003686,director
tt0003687,nm0003687,director
tt0003688,nm0003688,director
tt0003689,nm0003689,director
tt0003690,nm0003690,director
tt0003691,nm0003691,director
tt0003692,nm0003692,director
tt0003693,nm0003693,director
tt0003694,nm0003694,director
tt0003695,nm0003695,director
tt0003696,nm0003696,director
tt0003697,nm0003697,director
tt0003698,nm0003698,director
tt0003699,nm0003699,director
tt0003700,nm0003700,director
tt0003701,nm0003701,director
tt0003702,nm0003702,director
tt0003703,nm0003703,director
tt0003704,nm0003704,director
tt0003705,nm0003705,director
tt0003706,nm0003706,director
tt0003707,nm0003707,director
tt0003708,nm0003708,director
tt0003709,nm0003709,director
tt0003710,nm0003710,director
tt0003711,nm0003711,director
tt0003712,nm0003712,director
tt0003713,nm0003713,director
tt0003714,nm0003714,director
tt0003715,nm0003715,director
tt0003716,nm0003716,director
tt0003717,nm0003717,director
tt0003718,nm0003718,director
tt0003719,nm0003719,director
tt0003720,nm0003720,director
tt0003721,nm0003721,director
tt0003722,nm0003722,director
tt0003723,nm0003723,director
tt0003724,nm0003724,director
tt0003725,nm0003725,director
tt0003726,nm0003726,director
tt0003727,nm0003727,director
tt0003728,nm0003728,director
tt0003729,nm0003729,director
tt0003730,nm0003730,director
tt0003731,nm0003731,director
tt0003732,nm0003732,director
tt0003733,nm0003733,director
tt0003734,nm0003734,director
tt0003735,nm0003735,director
tt0003736,nm0003736,director
tt0003737,nm0003737,director
tt0003738,nm0003738,director
tt0003739,nm0003739,director
tt0003740,nm0003740,director
tt0003741,nm0003741,director
tt0003742,nm0003742,director
tt0003743,nm0003743,director
tt0003744,nm0003744,director
tt0003745,nm0003745,director
tt0003746,nm0003746,director
tt0003747,nm0003747,director
tt0003748,nm0003748,director
tt0003749,nm0003749,director
tt0003750,nm0003750,director
tt0003751,nm0003751,director
tt0003752,nm0003752,director
tt0003753,nm0003753,director
tt0003754,nm0003754,director
tt0003755,nm0003755,director
tt0003756,nm0003756,director
tt0003757,nm0003757,director
tt0003758,nm0003758,director
tt0003759,nm0003759,director
tt0003760,nm0003760,director
tt0003761,nm0003761,director
tt0003762,nm0003762,director
tt0003763,nm0003763,director
tt0003764,nm0003764,director
tt0003765,nm0003765,director
tt0003766,nm0003766,director
tt0003767,nm0003767,director
tt0003768,nm0003768,director
tt0003769,nm0003769,director
tt0003770,nm0003770,director
tt0003771,nm0003771,director
tt0003772,nm0003772,director
tt0003773,nm0003773,director
tt0003774,nm0003774,director
tt0003775,nm0003775,director
tt0003776,nm0003776,director
tt0003777,nm0003777,director
tt0003778,nm0003778,director
tt0003779,nm0003779,director
tt0003780,nm0003780,director
tt0003781,nm0003781,director
tt0003782,nm0003782,director
tt0003783,nm0003783,director
tt0003784,nm0003784,director
tt0003785,nm0003785,director
tt0003786,nm0003786,director
tt0003787,nm0003787,director
tt0003788,nm0003788,director
tt0003789,nm0003789,director
tt0003790,nm0003790,director
tt0003791,nm0003791,director
tt0003792,nm0003792,director
tt0003793,nm0003793,director
tt0003794,nm0003794,director
tt0003795,nm0003795,director
tt0003796,nm0003796,director
tt0003797,nm0003797,director
tt0003798,nm0003798,director
tt0003799,nm0003799,director
tt0003800,nm0003800,director
tt0003801,nm0003801,director
tt0003802,nm0003802,director
tt0003803,nm0003803,director
tt0003804,nm0003804,director
tt0003805,nm0003805,director
tt0003806,nm0003806,director
tt0003807,nm0003807,director
tt0003808,nm0003808,director
tt0003809,nm0003809,director
tt0003810,nm0003810,director
tt0003811,nm0003811,director
tt0003812,nm0003812,director
tt0003813,nm0003813,director
tt0003814,nm0003814,director
tt0003815,nm0003815,director
tt0003816,nm0003816,director
tt0003817,nm0003817,director
tt0003818,nm0003818,director
tt0003819,nm0003819,director
tt0003820,nm0003820,director
tt0003821,nm0003821,director
tt0003822,nm0003822,director
tt0003823,nm0003823,director
tt0003824,nm0003824,director
tt0003825,nm0003825,director
tt0003826,nm0003826,director
tt0003827,nm0003827,director
tt0003828,nm0003828,director
tt0003829,nm0003829,director
tt0003830,nm0003830,director
tt0003831,nm0003831,director
tt0003832,nm0003832,director
tt0003833,nm0003833,director
tt0003834,nm0003834,director
tt0003835,nm0003835,director
tt0003836,nm0003836,director
tt0003837,nm0003837,director
tt0003838,nm0003838,director
tt0003839,nm0003839,director
tt0003840,nm0003840,director
tt0003841,nm0003841,director
tt0003842,nm0003842,director
tt0003843,nm0003843,director
tt0003844,nm0003844,director
tt0003845,nm0003845,director
tt0003846,nm0003846,director
tt0003847,nm0003847,director
tt0003848,nm0003848,director
tt0003849,nm0003849,director
tt0003850,nm0003850,director
tt0003851,nm0003851,director
tt0003852,nm0003852,director
tt0003853,nm0003853,director
tt0003854,nm0003854,director
tt0003855,nm0003855,director
tt0003856,nm0003856,director
tt0003857,nm0003857,director
tt0003858,nm0003858,director
tt0003859,nm0003859,director
tt0003860,nm0003860,director
tt0003861,nm0003861,director
tt0003862,nm0003862,director
tt0003863,nm0003863,director
tt0003864,nm0003864,director
tt0003865,nm0003865,director
tt0003866,nm0003866,director
tt0003867,nm0003867,director
tt0003868,nm0003868,director
tt0003869,nm0003869,director
tt0003870,nm0003870,director
tt0003871,nm0003871,director
tt0003872,nm0003872,director
tt0003873,nm0003873,director
tt0003874,nm0003874,director
tt0003875,nm0003875,director
tt0003876,nm0003876,director
tt0003877,nm0003877,director
tt0003878,nm0003878,director
tt0003879,nm0003879,director
tt0003880,nm0003880,director
tt0003881,nm0003881,director
tt0003882,nm0003882,director
tt0003883,nm0003883,director
tt0003884,nm0003884,director
tt0003885,nm0003885,director
tt0003886,nm0003886,director
tt0003887,nm0003887,director
tt0003888,nm0003888,director
tt0003889,nm0003889,director
tt0003890,nm0003890,director
tt0003891,nm0003891,director
tt0003892,nm0003892,director
tt0003893,nm0003893,director
tt0003894,nm0003894,director
tt0003895,nm0003895,director
tt0003896,nm0003896,director
tt0003897,nm0003897,director
tt0003898,nm0003898,director
tt0003899,nm0003899,director
tt0003900,nm0003900,director
tt0003901,nm0003901,director
tt0003902,nm0003902,director
tt0003903,nm0003903,director
tt0003904,nm0003904,director
tt0003905,nm0003905,director
tt0003906,nm0003906,director
tt0003907,nm0003907,director
tt0003908,nm0003908,director
tt0003909,nm0003909,director
tt0003910,nm0003910,director
tt0003911,nm0003911,director
tt0003912,nm0003912,director
tt0003913,nm0003913,director
tt0003914,nm0003914,director
tt0003915,nm0003915,director
tt0003916,nm0003916,director
tt0003917,nm0003917,director
tt0003918,nm0003918,director
tt0003919,nm0003919,director
tt0003920,nm0003920,director
tt0003921,nm0003921,director
tt0003922,nm0003922,director
tt0003923,nm0003923,director
tt0003924,nm0003924,director
tt0003925,nm0003925,director
tt0003926,nm0003926,director
tt0003927,nm0003927,director
tt0003928,nm0003928,director
tt0003929,nm0003929,director
tt0003930,nm0003930,director
tt0003931,nm0003931,director
tt0003932,nm0003932,director
tt0003933,nm0003933,director
tt0003934,nm0003934,director
tt0003935,nm0003935,director
tt0003936,nm0003936,director
tt0003937,nm0003937,director
tt0003938,nm0003938,director
tt0003939,nm0003939,director
tt0003940,nm0003940,director
tt0003941,nm0003941,director
tt0003942,nm0003942,director
tt0003943,nm0003943,director
tt0003944,nm0003944,director
tt0003945,nm0003945,director
tt0003946,nm0003946,director
tt0003947,nm0003947,director
tt0003948,nm0003948,director
tt0003949,nm0003949,director
tt0003950,nm0003950,director
tt0003951,nm0003951,director
tt0003952,nm0003952,director
tt0003953,nm0003953,director
tt0003954,nm0003954,director
tt0003955,nm0003955,director
tt0003956,nm0003956,director
tt0003957,nm0003957,director
tt0003958,nm0003958,director
tt0003959,nm0003959,director
tt0003960,nm0003960,director
tt0003961,nm0003961,director
tt0003962,nm0003962,director
tt0003963,nm0003963,director
tt0003964,nm0003964,director
tt0003965,nm0003965,director
tt0003966,nm0003966,director
tt0003967,nm0003967,director
tt0003968,nm0003968,director
tt0003969,nm0003969,director
tt0003970,nm0003970,director
tt0003971,nm0003971,director
tt0003972,nm0003972,director
tt0003973,nm0003973,director
tt0003974,nm0003974,director
tt0003975,nm0003975,director
tt0003976,nm0003976,director
tt0003977,nm0003977,director
tt0003978,nm0003978,director
tt0003979,nm0003979,director
tt0003980,nm0003980,director
tt0003981,nm0003981,director
tt0003982,nm0003982,director
tt0003983,nm0003983,director
tt0003984,nm0003984,director
tt0003985,nm0003985,director
tt0003986,nm0003986,director
tt0003987,nm0003987,director
tt0003988,nm0003988,director
tt0003989,nm0003989,director
tt0003990,nm0003990,director
tt0003991,nm0003991,director
tt0003992,nm0003992,director
tt0003993,nm0003993,director
tt0003994,nm0003994,director
tt0003995,nm0003995,director
tt0003996,nm0003996,director
tt0003997,nm0003997,director
tt0003998,nm0003998,director
tt0003999,nm0003999,director
tt0004000,nm0004000,director
